九州大,,,文,,,,九州大,,,文,,,,九州大,,,法,,,,九州大,,,法,,,,九州大,,,経済,,,,九州大,,,経済,,,,九州大,,,経済,,,,九州大,,,経済,,,
,人文,,,,,前,,人文,,,,,後,,,,,,,前,,,,,,,後,,経済・経営,,,,,前,,経済工,,,,,前,,経済・経営,,,,,後,,経済工,,,,,後
基準,210,B,200,,190,182,基準,248,B,240,,232,224,基準,255,B,245,,235,225,基準,365,B,350,,335,320,基準,390,B,375,,360,345,基準,355,B,340,,325,310,基準,194,B,192,,188,180,基準,242,B,234,,226,218
ｾﾝﾀｰ：2次,,,250,:,500,,ｾﾝﾀｰ：2次,,,275,:,300,,ｾﾝﾀｰ：2次,,,300,:,600,,ｾﾝﾀｰ：2次,,,400,:,200,,ｾﾝﾀｰ：2次,,,450,:,600,,ｾﾝﾀｰ：2次,,,450,:,750,,ｾﾝﾀｰ：2次,,,200,:,300,,ｾﾝﾀｰ：2次,,,280,:,300,
1段階,4.0,倍（,****,/,,）,1段階,5.0,倍（,****,/,,）,1段階,4.0,倍（,****,/,,）,1段階,7.0,倍（,630,/,900,）,1段階,4.0,倍（,****,/,,）,1段階,4.0,倍（,****,/,,）,1段階,7.0,倍（,550,/,800,）,1段階,7.0,倍（,****,/,,）
定員,119,,昨年倍率,,,2.3,定員,22,,昨年倍率,,,5.1,定員,146,,昨年倍率,,,2.0,定員,33,,昨年倍率,,,2.6,定員,110,,昨年倍率,,,2.5,定員,66,,昨年倍率,,,2.5,定員,31,,昨年倍率,,,4.3,定員,19,,昨年倍率,,,3.0
,,,,,昨年度,,,,,,,昨年度,,,,,,,昨年度,,,,,,,昨年度,,,,,,,昨年度,,,,,,,昨年度,,,,,,,昨年度,,,,,,,昨年度,
得点,,今年,昨年,,合格,不合,得点,,今年,昨年,,合格,不合,得点,,今年,昨年,,合格,不合,得点,,今年,昨年,,合格,不合,得点,,今年,昨年,,合格,不合,得点,,今年,昨年,,合格,不合,得点,,今年,昨年,,合格,不合,得点,,今年,昨年,,合格,不合
240,,,,,0,,275,,,,,,,300,,,,,,,400,,,,,,,450,,,,,,,450,,,,,,,200,,2,1,,1,,280,,,,,,
238,,,,,,,273,,,,,,,295,,,,,,,395,,,,,,,445,,,,,,,445,,,,,,,198,,3,4,,,,278,,,,,,
236,,,,,,,271,,,,,,,290,,,,,,,390,,,,,,,440,,,,,,,440,,,,,,,196,,7,8,A,,,276,,,,,,
234,,1,,,,,269,,,,,,,285,,,,,,,385,,,1,,,,435,,,,,,,435,,,,,,,194,A,18,22,B,4,2,274,,,,,,
232,,,,,,,267,,,,,,,280,,,,,,,380,,2,3,,,,430,,,,,,,430,,,,,,,192,B,26,32,,4,1,272,,,,,,
230,,,,,,,265,,,,,,,275,,,,,,,375,,4,8,,,,425,,,,,,,425,,,,,,,190,,40,54,C,3,4,270,,,,,,
228,,3,,,,,263,,,1,,,,270,,3,5,,5,,370,,9,16,A,1,,420,,,,,,,420,,1,,,,,188,C,56,68,,3,6,268,,,,,,
226,,5,2,,2,,261,,,,,,,265,,6,11,,5,,365,A,18,27,,6,,415,,1,2,,2,,415,,,,,,,186,,70,94,,3,7,266,,,,,,
224,,,4,,1,,259,,,3,,1,,260,,8,22,A,11,,360,,33,45,,9,3,410,,,,,,,410,,,,,,,184,,84,105,,2,10,264,,,1,,,
222,,,6,,2,,257,,1,5,,,,255,A,21,41,,19,1,355,,52,64,B,5,3,405,,4,4,,2,,405,,,1,,,,182,,96,117,D,2,5,262,,1,2,,1,
220,,,9,,3,,255,,3,10,,,,250,,44,74,B,23,8,350,B,70,84,,4,2,400,,8,5,,2,,400,,,2,,1,,180,D,108,130,,,4,260,,,3,,,
218,,8,16,,3,1,253,,6,16,,1,,245,B,78,100,,22,11,345,,88,113,,4,8,395,,11,10,A,5,2,395,,2,,,,,178,,124,146,,2,9,258,,,,,,
216,,13,19,A,5,,251,,7,23,A,,1,240,,110,137,C,14,8,340,,113,137,C,,7,390,A,22,19,,9,2,390,,,,,,,176,,129,156,,,4,256,,,,,,
214,,16,32,,12,,249,,11,30,,2,2,235,C,140,176,,16,16,335,C,128,168,,2,7,385,,33,34,,11,4,385,,3,4,,1,,174,,139,163,,1,2,254,,3,5,,2,
212,,18,42,,9,1,247,A,19,35,,,1,230,,169,204,D,8,11,330,,150,188,,3,2,380,,47,45,B,7,9,380,,,6,,2,1,172,,144,169,,1,7,252,,,10,,1,
210,A,22,55,,12,2,245,,24,44,,1,1,225,D,210,236,,2,9,325,,165,201,D,,3,375,B,73,73,,14,14,375,,6,7,,2,,170,,148,174,,,3,250,,5,11,,1,
208,,32,78,,23,3,243,,30,59,B,2,3,220,,247,272,,2,10,320,D,177,213,,1,3,370,,93,94,,9,12,370,,8,11,A,5,,168,,154,175,,,4,248,,,13,A,2,1
206,,42,91,B,7,5,241,,43,69,,1,4,215,,276,293,,,11,315,,182,223,,,3,365,,122,118,C,7,15,365,,12,14,,4,,166,,166,177,,,3,246,,6,15,,3,
204,,50,105,,11,3,239,B,49,81,,,4,210,,299,307,,,8,310,,189,227,,,,360,C,144,146,,11,11,360,,15,21,,5,2,164,,172,179,,,5,244,,7,18,,2,1
202,,62,120,,6,8,237,,62,93,,3,3,205,,312,320,,,4,305,,192,235,,,1,355,,174,164,,4,8,355,A,21,29,B,11,,162,,177,182,,,,242,A,9,21,,1,
200,B,73,144,,7,14,235,,67,103,C,,1,200,,329,330,,,5,300,,195,237,,,2,350,,202,198,D,2,18,350,,27,32,,4,1,160,,182,183,,,1,240,,13,24,B,2,
198,,90,171,,2,22,233,,75,115,,2,4,195,,340,338,,,5,295,,200,241,,,1,345,D,231,225,,2,5,345,,32,46,,7,10,158,,185,185,,,3,238,,15,29,,,
196,,110,193,C,4,12,231,C,83,123,,1,1,190,,347,345,,,5,290,,204,243,,,1,340,,257,249,,1,8,340,B,40,59,C,4,7,156,,190,187,,,1,236,,16,33,,,2
194,,120,209,,3,12,229,,93,132,,,3,185,,354,351,,,5,285,,206,246,,,1,335,,280,270,,,5,335,,48,69,,2,9,154,,,188,,,2,234,B,20,37,,1,1
192,,141,229,,2,10,227,,98,145,D,,4,180,,359,,,,,280,,212,249,,,1,330,,308,298,,1,10,330,,60,71,,,3,152,,191,,,,1,232,,,41,C,2,1
190,C,151,248,,1,10,225,,104,157,,1,5,175,,,,,,,275,,218,252,,,3,325,,327,306,,,1,325,C,72,82,D,2,8,150,,,,,,,230,,24,43,,,
188,,169,267,D,,8,223,D,112,164,,,3,170,,360,352,,,,270,,,254,,,,320,,338,323,,,5,320,,84,85,,1,1,148,,,,,,,228,,28,46,,1,1
186,,193,276,,,4,221,,124,176,,,2,165,,362,,,,,265,,223,257,,,1,315,,344,334,,,4,315,,93,96,,,7,146,,192,190,,,2,226,C,34,,,,1
184,,205,284,,1,3,219,,129,184,,1,3,160,,364,355,,,2,260,,225,258,,,1,310,,352,339,,,1,310,D,103,106,,1,2,144,,193,,,,1,224,,37,47,D,,1
182,D,225,294,,,5,217,,135,198,,1,2,155,,,,,,,255,,,259,,,,305,,367,351,,,1,305,,110,115,,,3,142,,194,,,,1,222,,42,52,,,
180,,237,301,,,4,215,,137,200,,,1,150,,,356,,,,250,,,,,,,300,,376,356,,,,300,,123,120,,,2,140,,195,191,,,1,220,,45,55,,,1
178,,245,310,,,2,213,,141,207,,1,7,145,,,,,,,245,,,,,,,295,,384,363,,,2,295,,130,124,,,1,138,,196,,,,,218,D,48,56,,1,1
176,,256,315,,,2,211,,146,208,,,,140,,365,,,,,240,,226,,,,,290,,387,366,,,,290,,138,127,,,3,136,,,,,,,216,,50,58,,,1
174,,267,321,,,1,209,,152,215,,,3,135,,367,,,,,235,,,,,,,285,,392,368,,,1,285,,143,132,,,5,134,,198,,,,,214,,52,62,,,3
172,,275,327,,,,207,,156,221,,1,2,130,,,,,,,230,,228,,,,1,280,,397,369,,,,280,,145,134,,,3,132,,,,,,,212,,53,64,,,
170,,285,336,,,7,205,,159,227,,,1,125,,,,,,,225,,,,,,,275,,401,375,,,3,275,,147,136,,,1,130,,,,,,,210,,57,65,,,3
168,,290,339,,,,203,,164,,,,1,120,,,,,,,220,,,,,,,270,,402,377,,,,270,,150,138,,,2,128,,,192,,,1,208,,59,67,,,1
166,,293,344,,,1,201,,167,,,,1,115,,,,,,,215,,,261,,,,265,,403,,,,,265,,153,139,,,1,126,,,,,,,206,,60,68,,,
164,,296,346,,,1,199,,169,229,,,,110,,,,,,,210,,,,,,,260,,407,379,,,,260,,154,141,,,1,124,,199,,,,,204,,64,69,,,
162,,299,,,,,197,,172,,,,,105,,,,,,,205,,,262,,,,255,,408,381,,,1,255,,155,,,,,122,,,,,,,202,,65,,,,
160,,306,351,,,1,195,,173,232,,,3,100,,,,,,,200,,,,,,,250,,,,,,,250,,156,142,,,,120,,,,,,,200,,67,,,,
人数,,321,368,,116,146,人数,,184,249,,19,76,人数,,367,356,,127,119,人数,,228,262,,35,54,人数,,414,381,,89,142,人数,,159,147,,52,77,人数,,201,193,,26,90,人数,,87,84,,20,30
平均,,188,193,,208,192,平均,,225,228,,236,219,平均,,226,232,,249,224,平均,,333,337,,354,326,平均,,344,348,,377,354,平均,,320,325,,357,316,平均,,178,182,,188,175,平均,,215,224,,244,206
得点率,,75.1,77.3,,83.3,76.8,得点率,,81.8,82.9,,85.7,79.7,得点率,,75.4,77.2,,83.0,74.6,得点率,,83.3,84.1,,88.6,81.6,得点率,,76.5,77.3,,83.8,78.6,得点率,,71.2,72.2,,79.3,70.3,得点率,,88.8,90.9,,93.9,87.5,得点率,,76.8,80.0,,87.0,73.7
対昨年,,-6,-5,,-42,-47,対昨年,,-5,-3,,-60,-65,対昨年,,-5,-6,,+67,+11,対昨年,,-3,-4,,-22,-34,対昨年,,-3,-4,,+69,+33,対昨年,,-5,-5,,+26,+12,対昨年,,-5,-4,,-4,+8,対昨年,,-7,-9,,+4,+3
,,,,,,,,,,,,,,,,,,,,,,,,,,,,,,,,,,,,,,,,,,,,,,,,,,,,,,,
,,,,,,,,,,,,,,,,,,,,,,,,,,,,,,,,,,,,,,,,,,,,,,,,,,,,,,,
,,,,,,,,,,,,,,,,,,,,,,,,,,,,,,,,,,,,,,,,,,,,,,,,,,,,,,,
,,,,,,,,,,,,,,,,,,,,,,,,,,,,,,,,,,,,,,,,,,,,,,,,,,,,,,,
,,,,,,,,,,,,,,,,,,,,,,,,,,,,,,,,,,,,,,,,,,,,,,,,,,,,,,,
九州大,,,教育,,,,九州大,,,共創,,,,九州大,,,理,,,,九州大,,,理,,,,九州大,,,理,,,,九州大,,,理,,,,九州大,,,理,,,,九州大,,,理,,,
,,,,,,前,,共創,,,,,前,,数学,,,,,前,,物理,,,,,前,,化学,,,,,前,,生物,,,,,前,,地球惑星科学,,,,,前,,物理,,,,,後
基準,375,B,360,,345,330,基準,415,B,395,,380,365,基準,365,B,350,,335,320,基準,375,B,360,,345,330,基準,375,B,360,,345,330,基準,370,B,355,,340,325,基準,365,B,350,,335,320,基準,360,B,350,,340,330
ｾﾝﾀｰ：2次,,,450,:,600,,ｾﾝﾀｰ：2次,,,500,:,1000,,ｾﾝﾀｰ：2次,,,450,:,700,,ｾﾝﾀｰ：2次,,,450,:,700,,ｾﾝﾀｰ：2次,,,450,:,700,,ｾﾝﾀｰ：2次,,,450,:,700,,ｾﾝﾀｰ：2次,,,450,:,700,,ｾﾝﾀｰ：2次,,,400,:,100,
1段階,4.0,倍（,****,/,,）,1段階,4.0,倍（,****,/,,）,1段階,4.0,倍（,****,/,,）,1段階,4.0,倍（,****,/,,）,1段階,4.0,倍（,****,/,,）,1段階,4.0,倍（,****,/,,）,1段階,4.0,倍（,****,/,,）,1段階,10.0,倍（,575,/,700,）
定員,36,,昨年倍率,,,2.8,定員,65,,昨年倍率,,,2.8,定員,43,,昨年倍率,,,2.1,定員,42,,昨年倍率,,,2.5,定員,46,,昨年倍率,,,2.3,定員,34,,昨年倍率,,,2.5,定員,32,,昨年倍率,,,2.3,定員,6,,昨年倍率,,,3.3
,,,,,昨年度,,,,,,,昨年度,,,,,,,昨年度,,,,,,,昨年度,,,,,,,昨年度,,,,,,,昨年度,,,,,,,昨年度,,,,,,,昨年度,
得点,,今年,昨年,,合格,不合,得点,,今年,昨年,,合格,不合,得点,,今年,昨年,,合格,不合,得点,,今年,昨年,,合格,不合,得点,,今年,昨年,,合格,不合,得点,,今年,昨年,,合格,不合,得点,,今年,昨年,,合格,不合,得点,,今年,昨年,,合格,不合
450,,,,,,,500,,,,,,,450,,,,,,,450,,,,,,,450,,,,,,,450,,,,,,,450,,,,,,,400,,,,,,
445,,,,,,,495,,,,,,,445,,,,,,,445,,,,,,,445,,,,,,,445,,,,,,,445,,,,,,,395,,,,,,
440,,,,,,,490,,,,,,,440,,,,,,,440,,,,,,,440,,,,,,,440,,,,,,,440,,,,,,,390,,,,,,
435,,,,,,,485,,,,,,,435,,,,,,,435,,,,,,,435,,,,,,,435,,,,,,,435,,,,,,,385,,4,1,,,
430,,,,,,,480,,,,,,,430,,,,,,,430,,,,,,,430,,,,,,,430,,,,,,,430,,,,,,,380,,7,4,,1,
425,,,,,,,475,,,,,,,425,,,,,,,425,,,,,,,425,,,,,,,425,,,,,,,425,,,,,,,375,,10,7,,2,
420,,,,,,,470,,,,,,,420,,,,,,,420,,,,,,,420,,,,,,,420,,,,,,,420,,,,,,,370,,13,13,A,,2
415,,,,,,,465,,1,,,,,415,,,,,,,415,,,1,,1,,415,,,,,,,415,,,,,,,415,,,,,,,365,,14,24,,3,3
410,,,2,,2,,460,,,1,,1,,410,,,,,,,410,,,,,,,410,,,,,,,410,,1,1,,1,,410,,,,,,,360,A,20,31,B,1,2
405,,,,,,,455,,,,,,,405,,1,1,,1,,405,,,,,,,405,,,,,,,405,,2,,,,,405,,,,,,,355,,26,39,,,2
400,,,3,,,,450,,,,,,,400,,,,,,,400,,,2,,1,,400,,,,,1,,400,,,2,,,,400,,2,3,,4,,350,B,34,49,C,,3
395,,,5,,2,,445,,,3,,1,,395,,2,,,,,395,,1,3,,1,,395,,1,,,,,395,,,,,1,,395,,,4,,,,345,,40,55,,,2
390,,,6,,1,,440,,,,,2,,390,,6,2,,1,,390,,,5,,3,,390,,2,,,,,390,,4,3,,1,,390,,3,6,,1,,340,C,47,60,D,,1
385,,2,7,A,3,,435,,3,5,,,,385,,8,3,,3,,385,,2,7,,,,385,,3,7,A,5,,385,,,,,,,385,,6,8,,3,,335,,50,62,,,2
380,,3,10,,4,2,430,,7,8,,2,,380,,,6,,2,,380,,5,8,A,1,,380,,5,8,,4,1,380,,7,6,A,2,,380,,7,12,,3,,330,D,59,68,,,
375,A,6,11,,1,1,425,,10,12,A,3,,375,,11,12,,7,,375,A,11,15,,7,,375,A,7,14,,5,,375,,10,8,,3,,375,,8,15,A,2,1,325,,64,70,,,
370,,10,16,B,8,1,420,,12,18,,5,,370,,13,15,A,2,,370,,16,20,,4,1,370,,10,23,B,5,1,370,A,12,11,,6,1,370,,12,16,,1,1,320,,66,71,,,
365,,12,23,,5,3,415,A,18,24,,4,2,365,A,16,21,,4,2,365,,24,25,B,6,1,365,,18,32,,6,5,365,,,18,B,4,2,365,A,18,17,,1,1,315,,71,73,,,
360,B,17,35,,4,7,410,,22,31,,6,2,360,,20,28,,6,2,360,B,34,30,,5,5,360,B,24,44,,4,6,360,,20,24,,3,3,360,,21,21,B,2,2,310,,74,74,,,
355,,30,45,C,2,9,405,,27,46,B,9,3,355,,25,31,B,2,2,355,,39,33,,3,3,355,,33,55,C,4,5,355,B,22,30,,1,5,355,,22,25,,1,2,305,,75,76,,,
350,,35,50,,2,7,400,,34,54,,5,7,350,B,33,40,,6,4,350,,48,40,C,,9,350,,40,62,,3,2,350,,29,38,C,6,5,350,B,31,31,,4,2,300,,,77,,,
345,C,41,58,,1,8,395,B,42,62,,2,3,345,,41,52,,4,7,345,C,54,49,,3,9,345,C,45,69,,1,4,345,,37,48,,1,4,345,,35,37,C,2,4,295,,77,,,,
340,,51,71,D,1,5,390,,54,68,C,3,4,340,,53,62,C,2,2,340,,63,57,,1,8,340,,54,76,D,2,2,340,C,42,52,,,4,340,,45,44,,3,4,290,,78,78,,,
335,,58,78,,1,7,385,,64,85,,2,5,335,C,57,70,,1,3,335,,71,61,D,1,1,335,,62,87,,,2,335,,46,55,D,1,3,335,C,49,52,,2,3,285,,,79,,,
330,D,67,85,,,3,380,C,75,97,,4,11,330,,70,79,,1,6,330,D,77,65,,,2,330,D,69,96,,,3,330,,51,62,,1,3,330,,55,58,D,,4,280,,,,,,
325,,76,91,,,2,375,,89,109,D,,8,325,,76,86,D,,1,325,,86,71,,,5,325,,76,102,,,2,325,D,58,66,,,1,325,,64,64,,1,1,275,,,,,,
320,,83,96,,,2,370,,104,128,,3,5,320,D,83,97,,,2,320,,90,75,,,1,320,,83,109,,1,3,320,,62,71,,,2,320,D,67,68,,,2,270,,,81,,,
315,,90,104,,,3,365,D,112,138,,1,6,315,,87,105,,1,2,315,,95,82,,,2,315,,87,112,,,,315,,64,73,,,1,315,,73,70,,,2,265,,80,,,,
310,,93,106,,,,360,,122,147,,1,6,310,,95,108,,,1,310,,100,88,,,1,310,,91,115,,,1,310,,68,75,,,1,310,,77,71,,,1,260,,81,,,,
305,,95,109,,,,355,,129,156,,1,4,305,,100,115,,,2,305,,104,90,,,1,305,,95,120,,,4,305,,71,77,,,,305,,80,76,,,2,255,,82,,,,
300,,100,111,,,1,350,,144,159,,,2,300,,105,116,,,1,300,,110,91,,,1,300,,99,123,,,2,300,,73,78,,,,300,,84,,,,,250,,83,,,,
295,,102,113,,,1,345,,153,164,,,1,295,,110,118,,,,295,,111,96,,,,295,,102,127,,,1,295,,75,79,,,2,295,,86,77,,,,245,,,,,,
290,,104,114,,,1,340,,166,166,,,3,290,,115,,,,,290,,113,97,,,,290,,105,131,,,1,290,,76,81,,,,290,,88,80,,,2,240,,,,,,
285,,109,115,,,,335,,179,175,,,8,285,,117,,,,,285,,114,99,,,,285,,,137,,,1,285,,81,82,,,1,285,,89,82,,,1,235,,,82,,,
280,,110,,,,,330,,189,182,,,3,280,,118,120,,,,280,,116,100,,,,280,,108,140,,,,280,,82,83,,,1,280,,,84,,,,230,,84,,,,
275,,111,116,,,,325,,195,188,,,2,275,,120,121,,,,275,,,101,,,1,275,,111,,,,,275,,83,86,,,,275,,,86,,,,225,,85,,,,
270,,113,117,,,,320,,196,191,,,2,270,,,122,,,,270,,117,102,,,,270,,112,,,,,270,,,,,,,270,,,,,,,220,,,85,,,
265,,114,118,,,1,315,,201,194,,,,265,,,,,,,265,,,104,,,,265,,113,141,,,1,265,,84,87,,,1,265,,93,87,,,,215,,88,87,,,
260,,116,119,,,,310,,205,200,,,1,260,,121,,,,,260,,,,,,,260,,115,142,,,,260,,85,,,,,260,,94,,,,,210,,89,89,,,
255,,,,,,,305,,210,202,,,1,255,,122,123,,,,255,,118,106,,,1,255,,116,144,,,,255,,86,,,,,255,,,,,,,205,,92,91,,,1
250,,,,,,,300,,212,207,,,3,250,,123,125,,,,250,,119,,,,,250,,117,145,,,1,250,,87,,,,,250,,,,,,1,200,,95,92,,,
人数,,119,120,,37,65,人数,,233,223,,55,103,人数,,124,127,,43,38,人数,,123,108,,37,53,人数,,120,150,,41,50,人数,,90,88,,31,40,人数,,97,90,,30,37,人数,,99,96,,7,20
平均,,329,342,,372,343,平均,,358,368,,406,357,平均,,331,336,,364,336,平均,,335,336,,370,339,平均,,330,335,,368,332,平均,,331,340,,367,338,平均,,333,335,,367,329,平均,,318,327,,371,331
得点率,,73.2,76.1,,82.7,76.3,得点率,,71.6,73.5,,81.2,71.3,得点率,,73.6,74.6,,80.8,74.7,得点率,,74.5,74.8,,82.2,75.2,得点率,,73.4,74.4,,81.8,73.7,得点率,,73.5,75.6,,81.5,75.1,得点率,,73.9,74.5,,81.5,73.1,得点率,,79.6,81.8,,92.8,82.8
対昨年,,-10,-13,,-32,-1,対昨年,,-9,-10,,+5,+10,対昨年,,+2,-5,,+10,-3,対昨年,,-2,-1,,+16,+15,対昨年,,-3,-5,,-10,-30,対昨年,,-8,-9,,-13,+2,対昨年,,-8,-2,,-4,+7,対昨年,,-9,-9,,-12,+3
,,,,,,,,,,,,,,,,,,,,,,,,,,,,,,,,,,,,,,,,,,,,,,,,,,,,,,,
,,,,,,,,,,,,,,,,,,,,,,,,,,,,,,,,,,,,,,,,,,,,,,,,,,,,,,,
,,,,,,,,,,,,,,,,,,,,,,,,,,,,,,,,,,,,,,,,,,,,,,,,,,,,,,,
,,,,,,,,,,,,,,,,,,,,,,,,,,,,,,,,,,,,,,,,,,,,,,,,,,,,,,,
,,,,,,,,,,,,,,,,,,,,,,,,,,,,,,,,,,,,,,,,,,,,,,,,,,,,,,,
九州大,,,理,,,,九州大,,,理,,,,九州大,,,理,,,,九州大,,,工,,,,九州大,,,工,,,,九州大,,,工,,,,九州大,,,工,,,,九州大,,,工,,,
,化学,,,,,後,,生物,,,,,後,,地球惑星科学,,,,,後,,機械航空工,,,,,前,,電気情報工,,,,,前,,建築,,,,,前,,地球環境工,,,,,前,,物質科学工,,,,,前
基準,635,B,620,,605,590,基準,260,B,250,,240,230,基準,255,B,245,,235,225,基準,380,B,365,,350,335,基準,375,B,360,,345,330,基準,375,B,360,,345,330,基準,365,B,350,,335,320,基準,375,B,360,,345,330
ｾﾝﾀｰ：2次,,,700,:,400,,ｾﾝﾀｰ：2次,,,300,:,100,,ｾﾝﾀｰ：2次,,,300,:,100,,ｾﾝﾀｰ：2次,,,450,:,700,,ｾﾝﾀｰ：2次,,,450,:,700,,ｾﾝﾀｰ：2次,,,450,:,700,,ｾﾝﾀｰ：2次,,,450,:,700,,ｾﾝﾀｰ：2次,,,450,:,700,
1段階,10.0,倍（,****,/,,）,1段階,10.0,倍（,****,/,,）,1段階,10.0,倍（,****,/,,）,1段階,4.0,倍（,****,/,,）,1段階,4.0,倍（,****,/,,）,1段階,4.0,倍（,****,/,,）,1段階,4.0,倍（,****,/,,）,1段階,4.0,倍（,****,/,,）
定員,8,,昨年倍率,,,4.4,定員,7,,昨年倍率,,,1.9,定員,6,,昨年倍率,,,1.5,定員,140,,昨年倍率,,,2.4,定員,130,,昨年倍率,,,2.8,定員,52,,昨年倍率,,,2.4,定員,123,,昨年倍率,,,1.6,定員,139,,昨年倍率,,,1.5
,,,,,昨年度,,,,,,,昨年度,,,,,,,昨年度,,,,,,,昨年度,,,,,,,昨年度,,,,,,,昨年度,,,,,,,昨年度,,,,,,,昨年度,
得点,,今年,昨年,,合格,不合,得点,,今年,昨年,,合格,不合,得点,,今年,昨年,,合格,不合,得点,,今年,昨年,,合格,不合,得点,,今年,昨年,,合格,不合,得点,,今年,昨年,,合格,不合,得点,,今年,昨年,,合格,不合,得点,,今年,昨年,,合格,不合
700,,,,,,,300,,,,,,,300,,,,,,,450,,,,,,,450,,,,,,,450,,,,,,,450,,,,,,,450,,,,,,
695,,,,,,,295,,,,,,,295,,,,,,,445,,,,,,,445,,,,,,,445,,,,,,,445,,,,,,,445,,,,,,
690,,,,,,,290,,1,2,,1,,290,,,1,,,,440,,,,,,,440,,,,,,,440,,,,,,,440,,,,,,,440,,,,,,
685,,,,,,,285,,2,,,,,285,,,,,,,435,,,,,,,435,,,,,,,435,,,,,,,435,,,,,,,435,,,,,,
680,,,,,,,280,,,4,,1,,280,,1,,,,,430,,,,,,,430,,,,,,,430,,,,,,,430,,,,,,,430,,,,,,
675,,,1,,,,275,,3,6,,,,275,,4,5,,1,,425,,,,,,,425,,,,,,,425,,,,,,,425,,,,,,,425,,,,,,
670,,2,4,,,,270,,6,10,A,2,,270,,6,6,,1,,420,,,,,,,420,,,,,,,420,,,,,,,420,,,1,,,,420,,,,,,
665,,5,5,,1,,265,,7,14,,1,,265,,7,9,A,1,,415,,1,,,,,415,,,,,,,415,,,,,,,415,,,,,,,415,,,,,,
660,,6,,,,,260,A,8,15,B,,,260,,11,15,,2,,410,,,2,,1,,410,,2,1,,,,410,,,1,,1,,410,,,,,,,410,,,1,,,
655,,10,9,,1,2,255,,11,19,,1,,255,A,14,16,B,,,405,,,4,,2,,405,,4,3,,3,,405,,,2,,1,,405,,,2,,1,,405,,,2,,1,
650,,12,11,,2,,250,B,14,23,C,1,,250,,17,19,,,,400,,2,7,,3,,400,,6,8,,6,,400,,1,4,,2,,400,,,3,,1,,400,,1,3,,1,1
645,,15,12,A,,,245,,17,24,,,,245,B,19,21,C,,,395,,5,12,,4,,395,,7,16,,7,,395,,,11,,7,,395,,,5,,1,,395,,3,5,,4,
640,,18,13,,1,,240,C,19,30,D,,,240,,25,22,,,,390,,8,20,A,8,,390,,11,26,,10,,390,,2,12,,1,,390,,6,8,,6,,390,,8,11,,6,
635,A,19,18,,1,,235,,21,36,,2,,235,C,27,26,D,,1,385,,17,36,,12,3,385,,22,38,A,10,,385,,5,17,A,4,,385,,,10,,3,,385,,9,18,,9,1
630,,22,21,B,,3,230,D,23,38,,,,230,,,27,,,,380,A,29,65,,17,4,380,,34,51,,8,5,380,,8,26,,8,1,380,,10,14,,1,1,380,,13,23,A,8,
625,,24,25,,1,1,225,,25,40,,,1,225,D,,,,,,375,,44,97,B,20,4,375,A,47,72,,11,5,375,A,9,32,,3,2,375,,13,17,A,7,,375,A,22,25,,9,1
620,B,25,29,,1,1,220,,26,,,,,220,,29,29,,,,370,,61,124,,12,9,370,,68,97,B,13,10,370,,19,39,B,5,1,370,,15,25,,10,3,370,,26,31,,8,4
615,,35,38,C,2,2,215,,,41,,,1,215,,30,30,,,1,365,B,83,153,,13,7,365,,88,121,,13,5,365,,24,47,,5,1,365,A,19,32,,9,3,365,,39,42,B,15,6
610,,41,40,,,1,210,,29,42,,,2,210,,32,,,,,360,,110,190,C,10,9,360,B,109,152,,11,13,360,B,35,67,,9,11,360,,24,41,B,13,4,360,B,51,56,,19,7
605,C,43,44,,1,2,205,,30,,,,1,205,,34,,,,,355,,140,222,,6,12,355,,138,183,C,14,17,355,,45,77,C,1,2,355,,41,53,,12,7,355,,61,67,,10,10
600,,49,51,D,,2,200,,,,,,,200,,,,,,,350,C,178,254,,4,8,350,,175,222,,8,19,350,,57,85,,,3,350,B,49,63,,11,10,350,,81,83,C,8,10
595,,55,56,,,2,195,,31,,,,,195,,,31,,,,345,,210,292,D,3,14,345,C,205,249,,6,16,345,C,75,97,,,4,345,,62,70,C,7,8,345,C,99,100,,5,12
590,D,60,61,,,2,190,,32,43,,,,190,,,,,,,340,,234,318,,3,5,340,,234,284,D,,11,340,,87,114,D,1,2,340,,83,81,,5,9,340,,113,127,,6,11
585,,64,68,,1,,185,,,,,,,185,,,32,,,,335,D,257,338,,,7,335,,257,313,,,8,335,,98,125,,,3,335,C,94,102,,3,19,335,,128,144,D,1,6
580,,69,77,,,,180,,33,,,,,180,,35,34,,,2,330,,272,362,,,4,330,D,278,352,,,8,330,D,108,142,,,4,330,,111,113,D,2,10,330,D,146,153,,,5
575,,75,82,,,,175,,,,,,,175,,,,,,,325,,293,380,,,5,325,,304,381,,,2,325,,123,151,,,3,325,,125,126,,1,7,325,,157,164,,,3
570,,76,88,,,1,170,,,44,,,,170,,,,,,,320,,318,395,,,5,320,,326,401,,,4,320,,136,166,,,1,320,D,132,136,,,2,320,,167,174,,,
565,,80,91,,,2,165,,,,,,,165,,,,,,,315,,336,410,,,4,315,,355,414,,1,1,315,,148,173,,,1,315,,139,149,,,4,315,,174,186,,,3
560,,82,92,,,,160,,,,,,1,160,,,,,,,310,,350,416,,,1,310,,370,424,,,2,310,,154,183,,,1,310,,143,156,,,1,310,,180,189,,,1
555,,83,95,,,2,155,,,,,,,155,,,,,,,305,,357,423,,,,305,,387,444,,,2,305,,158,188,,,1,305,,149,162,,,1,305,,186,195,,,1
550,,85,98,,,,150,,,,,,,150,,,35,,,,300,,369,433,,,2,300,,396,456,,,,300,,165,191,,,1,300,,152,164,,,1,300,,193,,,,
545,,86,101,,,2,145,,,,,,,145,,,,,,,295,,375,436,,,,295,,402,467,,,3,295,,170,195,,,3,295,,157,168,,,1,295,,200,196,,,1
540,,88,,,,,140,,,,,,,140,,,36,,,,290,,382,438,,,1,290,,409,475,,,2,290,,173,197,,,1,290,,161,170,,,,290,,204,,,,
535,,90,102,,,1,135,,,,,,,135,,,,,,,285,,386,440,,,1,285,,412,478,,,,285,,174,199,,,1,285,,,172,,,,285,,208,197,,,1
530,,91,104,,,,130,,,,,,,130,,,,,,,280,,391,442,,,1,280,,419,482,,,1,280,,178,201,,,1,280,,162,173,,,2,280,,209,200,,,1
525,,,105,,,,125,,,,,,,125,,36,,,,,275,,392,444,,,1,275,,422,485,,,,275,,179,,,,,275,,165,,,,,275,,211,202,,,
520,,92,107,,,,120,,,,,,,120,,,,,,,270,,394,445,,,,270,,426,490,,,2,270,,181,204,,,,270,,168,,,,,270,,212,,,,
515,,94,,,,,115,,,,,,,115,,,,,,,265,,396,447,,,,265,,430,496,,,1,265,,187,206,,,,265,,171,175,,,,265,,214,203,,,
510,,95,110,,,2,110,,,,,,,110,,,,,,,260,,397,448,,,,260,,435,500,,,1,260,,,207,,,,260,,174,,,,,260,,,,,,
505,,,111,,,,105,,,,,,,105,,,,,,,255,,401,449,,,,255,,437,502,,,,255,,,208,,,,255,,,176,,,,255,,217,,,,
500,,97,112,,,,100,,,,,,,100,,,,,,,250,,402,,,,,250,,440,503,,,,250,,,,,,,250,,175,177,,,,250,,218,,,,
人数,,110,121,,12,33,人数,,33,44,,9,6,人数,,36,36,,5,4,人数,,416,453,,118,107,人数,,450,512,,121,140,人数,,192,211,,48,49,人数,,178,181,,93,95,人数,,218,205,,110,86
平均,,578,581,,632,568,平均,,242,250,,263,206,平均,,242,241,,268,205,平均,,337,351,,375,349,平均,,336,340,,374,345,平均,,331,340,,379,337,平均,,331,337,,363,338,平均,,338,344,,369,345
得点率,,82.6,83.0,,90.3,81.1,得点率,,80.6,83.3,,87.7,68.6,得点率,,80.8,80.4,,89.5,68.3,得点率,,75.0,77.9,,83.4,77.5,得点率,,74.6,75.6,,83.0,76.6,得点率,,73.6,75.6,,84.2,75.0,得点率,,73.6,74.9,,80.6,75.0,得点率,,75.1,76.5,,81.9,76.8
対昨年,,-1,-3,,-21,-11,対昨年,,,-8,,-2,-11,対昨年,,+6,+1,,+4,,対昨年,,-8,-14,,-104,-37,対昨年,,-5,-4,,-122,-62,対昨年,,-8,-9,,-8,-19,対昨年,,-6,-6,,+4,-3,対昨年,,-5,-6,,+3,+13
,,,,,,,,,,,,,,,,,,,,,,,,,,,,,,,,,,,,,,,,,,,,,,,,,,,,,,,
,,,,,,,,,,,,,,,,,,,,,,,,,,,,,,,,,,,,,,,,,,,,,,,,,,,,,,,
,,,,,,,,,,,,,,,,,,,,,,,,,,,,,,,,,,,,,,,,,,,,,,,,,,,,,,,
,,,,,,,,,,,,,,,,,,,,,,,,,,,,,,,,,,,,,,,,,,,,,,,,,,,,,,,
,,,,,,,,,,,,,,,,,,,,,,,,,,,,,,,,,,,,,,,,,,,,,,,,,,,,,,,
九州大,,,工,,,,九州大,,,工,,,,九州大,,,工,,,,九州大,,,工,,,,九州大,,,工,,,,九州大,,,工,,,,九州大,,,工,,,,九州大,,,芸術工,,,
,エネルギー科,,,,,前,,機械航空工,,,,,後,,電気情報工,,,,,後,,建築,,,,,後,,地球環境工,,,,,後,,物質科学工,,,,,後,,エネルギー科,,,,,後,,芸術工,,,学科,,前
基準,375,B,360,,345,330,基準,415,B,400,,385,370,基準,415,B,400,,385,370,基準,405,B,390,,375,360,基準,410,B,395,,380,365,基準,410,B,395,,380,365,基準,405,B,390,,375,360,基準,410,B,395,,380,365
ｾﾝﾀｰ：2次,,,450,:,700,,ｾﾝﾀｰ：2次,,,450,:,250,,ｾﾝﾀｰ：2次,,,450,:,250,,ｾﾝﾀｰ：2次,,,450,:,250,,ｾﾝﾀｰ：2次,,,450,:,250,,ｾﾝﾀｰ：2次,,,450,:,250,,ｾﾝﾀｰ：2次,,,450,:,250,,ｾﾝﾀｰ：2次,,,500,:,750,
1段階,4.0,倍（,****,/,,）,1段階,10.0,倍（,****,/,,）,1段階,10.0,倍（,****,/,,）,1段階,10.0,倍（,****,/,,）,1段階,10.0,倍（,****,/,,）,1段階,10.0,倍（,****,/,,）,1段階,10.0,倍（,****,/,,）,1段階,4.0,倍（,****,/,,）
定員,81,,昨年倍率,,,1.3,定員,24,,昨年倍率,,,3.4,定員,23,,昨年倍率,,,3.2,定員,6,,昨年倍率,,,4.7,定員,22,,昨年倍率,,,2.0,定員,24,,昨年倍率,,,2.3,定員,14,,昨年倍率,,,5.6,定員,20,,昨年倍率,,,
,,,,,昨年度,,,,,,,昨年度,,,,,,,昨年度,,,,,,,昨年度,,,,,,,昨年度,,,,,,,昨年度,,,,,,,昨年度,,,,,,,昨年度,
得点,,今年,昨年,,合格,不合,得点,,今年,昨年,,合格,不合,得点,,今年,昨年,,合格,不合,得点,,今年,昨年,,合格,不合,得点,,今年,昨年,,合格,不合,得点,,今年,昨年,,合格,不合,得点,,今年,昨年,,合格,不合,得点,,今年,昨年,,合格,不合
450,,,,,,,450,,,,,,,450,,,,,,,450,,,,,,,450,,,,,,,450,,,,,,,450,,,,,,,500,,,,,,
445,,,,,,,445,,,,,,,445,,,,,,,445,,,,,,,445,,,,,,,445,,,,,,,445,,,,,,,495,,,,,,
440,,,,,,,440,,,,,,,440,,,,,,,440,,,,,,,440,,,,,,,440,,,,,,,440,,,,,,,490,,,,,,
435,,,,,,,435,,,,,,,435,,1,,,,,435,,,,,,,435,,1,,,,,435,,,,,,,435,,,,,,,485,,,,,,
430,,,,,,,430,,1,3,,,,430,,2,2,,,,430,,,,,,,430,,,,,,,430,,,,,,,430,,1,,,,,480,,,,,,
425,,,,,,,425,,4,8,,,,425,,3,3,,,,425,,,,,,,425,,,1,,,,425,,1,2,,1,,425,,,1,,,,475,,,,,,
420,,,,,,,420,,10,13,A,,,420,,6,12,A,2,,420,,,,,,,420,,2,3,,,,420,,3,5,,,,420,,,,,,,470,,,,,,
415,,,,,,,415,A,21,31,,,1,415,A,13,20,,1,,415,,,3,,,,415,,3,4,A,,,415,,5,11,A,,,415,,2,4,,2,,465,,,,,,
410,,,,,,,410,,39,57,,4,1,410,,25,30,,1,,410,,4,5,A,,,410,A,4,7,,2,,410,A,,19,,4,,410,,4,,A,,,460,,,,,,
405,,,,,,,405,,61,92,B,6,3,405,,36,49,B,4,1,405,A,9,,,1,,405,,6,16,,1,,405,,10,29,,2,,405,A,8,8,,3,,455,,1,,,,
400,,,1,,,,400,B,85,113,,3,4,400,B,51,70,,3,,400,,13,7,,,,400,,9,21,B,1,1,400,,17,37,B,,,400,,11,11,,,1,450,,,,,,
395,,,2,,,,395,,102,145,,5,4,395,,77,92,,4,2,395,,16,17,B,1,,395,B,15,28,,4,,395,B,23,50,,1,,395,,,14,B,4,1,445,,,,,,
390,,1,3,,3,,390,,118,177,C,1,3,390,,102,109,C,1,1,390,B,19,23,,,,390,,21,36,,2,,390,,34,62,,2,,390,B,14,18,,,2,440,,,,,,
385,,,4,A,1,1,385,C,131,203,,2,3,385,C,124,132,,,1,385,,27,26,,1,,385,,27,44,C,3,1,385,,43,70,C,3,1,385,,20,24,,2,5,435,,2,,,,
380,,,6,,3,,380,,148,220,,,1,380,,139,149,,1,5,380,,33,33,C,1,1,380,C,36,54,,2,2,380,C,54,82,,3,,380,,26,37,C,1,4,430,,3,,,,
375,A,5,7,,9,,375,,168,240,D,,4,375,,152,165,D,1,5,375,C,39,42,,,1,375,,46,66,,5,1,375,,68,90,,1,2,375,C,28,44,,,1,425,,4,,,,
370,,6,8,B,8,1,370,D,183,256,,,4,370,D,173,177,,,4,370,,45,50,,,2,370,,54,72,D,1,4,370,,73,96,D,2,1,370,,32,50,,,2,420,,7,,,,
365,,10,11,,6,1,365,,205,268,,,3,365,,183,191,,,5,365,,51,53,D,,,365,D,63,83,,,1,365,D,83,107,,,2,365,,35,60,D,,4,415,,8,,,,
360,B,12,18,,9,6,360,,212,276,,,4,360,,193,203,,1,4,360,D,53,57,,,2,360,,72,92,,,3,360,,86,116,,,5,360,D,41,68,,,4,410,A,12,,,,
355,,15,24,C,9,7,355,,226,289,,,5,355,,203,213,,,5,355,,55,59,,,1,355,,79,95,,,3,355,,95,122,,,1,355,,45,72,,,3,405,,13,,,,
350,,22,31,,10,6,350,,238,297,,,1,350,,211,218,,,2,350,,58,61,,,2,350,,87,98,,1,,350,,97,128,,,3,350,,48,74,,,3,400,,15,,,,
345,C,27,39,,4,6,345,,243,304,,,2,345,,219,222,,,,345,,65,67,,,2,345,,91,101,,,2,345,,101,132,,,1,345,,50,78,,,3,395,B,17,,,,
340,,37,44,D,2,9,340,,246,310,,,3,340,,228,230,,,3,340,,66,68,,,,340,,93,105,,,,340,,107,133,,,,340,,,,,,1,390,,18,,,,
335,,44,49,,2,9,335,,247,314,,,2,335,,230,231,,,,335,,67,72,,,1,335,,95,112,,,2,335,,110,135,,,1,335,,52,79,,,,385,,19,,,,
330,D,53,61,,4,3,330,,251,322,,,2,330,,235,235,,,1,330,,,77,,,3,330,,97,113,,,,330,,113,138,,,3,330,,55,84,,,2,380,C,23,,,,
325,,57,70,,,1,325,,253,327,,,1,325,,242,239,,,,325,,68,82,,,,325,,101,,,,2,325,,115,139,,,,325,,,85,,,2,375,,26,,,,
320,,65,73,,,2,320,,254,331,,,1,320,,,240,,,,320,,72,83,,,,320,,102,,,,1,320,,116,,,,2,320,,59,86,,,2,370,,31,,,,
315,,76,80,,,3,315,,257,334,,,,315,,244,241,,,,315,,73,85,,,1,315,,104,,,,2,315,,,141,,,1,315,,61,,,,,365,D,35,,,,
310,,80,84,,,4,310,,,336,,,,310,,245,242,,,,310,,,87,,,1,310,,105,,,,,310,,117,,,,,310,,64,,,,2,360,,38,,,,
305,,83,86,,,1,305,,262,337,,,1,305,,247,243,,,1,305,,,,,,1,305,,106,114,,,,305,,120,,,,,305,,65,87,,,2,355,,39,,,,
300,,87,88,,,1,300,,264,340,,,,300,,249,,,,,300,,74,89,,,1,300,,108,,,,,300,,121,142,,,,300,,67,,,,,350,,40,,,,
295,,91,90,,,1,295,,266,,,,,295,,250,245,,,,295,,,91,,,1,295,,,,,,,295,,122,,,,,295,,68,,,,1,345,,,,,,
290,,94,,,,,290,,267,,,,,290,,,,,,,290,,76,93,,,1,290,,109,,,,,290,,,,,,,290,,,,,,,340,,42,,,,
285,,99,93,,,,285,,,341,,,,285,,,,,,1,285,,77,94,,,,285,,,,,,,285,,123,143,,,1,285,,,,,,,335,,43,,,,
280,,100,95,,,1,280,,,342,,,1,280,,252,,,,1,280,,79,,,,,280,,,,,,,280,,125,,,,1,280,,,,,,,330,,44,,,,
275,,101,97,,,1,275,,268,,,,,275,,253,,,,,275,,80,,,,,275,,,,,,,275,,,,,,,275,,,,,,1,325,,46,,,,
270,,,100,,,,270,,269,,,,,270,,,,,,,270,,81,95,,,,270,,,,,,,270,,,,,,,270,,,,,,,320,,47,,,,
265,,,101,,,1,265,,,,,,,265,,,246,,,,265,,,,,,,265,,,,,,,265,,,,,,,265,,,,,,,315,,48,,,,
260,,,,,,,260,,,,,,,260,,,,,,1,260,,,,,,,260,,110,,,,,260,,,,,,,260,,,,,,,310,,,,,,
255,,,,,,,255,,270,,,,,255,,,,,,,255,,,,,,,255,,,,,,,255,,,,,,,255,,,,,,,305,,,,,,
250,,,,,,,250,,,,,,,250,,,,,,,250,,,,,,,250,,111,,,,,250,,126,,,,,250,,,,,,,300,,49,,,,
人数,,102,103,,70,67,人数,,273,342,,21,55,人数,,256,249,,19,43,人数,,82,95,,4,21,人数,,111,115,,22,25,人数,,126,143,,19,26,人数,,69,87,,12,46,人数,,55,,,,
平均,,329,331,,362,335,平均,,378,384,,403,366,平均,,375,380,,400,361,平均,,363,362,,395,340,平均,,365,376,,388,356,平均,,369,381,,395,343,平均,,361,373,,400,356,平均,,368,,,,
得点率,,73.0,73.6,,80.5,74.5,得点率,,84.0,85.3,,89.5,81.4,得点率,,83.3,84.4,,89.0,80.2,得点率,,80.8,80.4,,87.8,75.5,得点率,,81.1,83.5,,86.3,79.2,得点率,,82.0,84.7,,87.7,76.2,得点率,,80.3,82.9,,88.9,79.1,得点率,,73.6,,,,
対昨年,,-5,-2,,-30,-1,対昨年,,-5,-6,,-71,-69,対昨年,,-4,-5,,-26,+7,対昨年,,,+1,,-28,-13,対昨年,,-11,-11,,-16,-4,対昨年,,-10,-12,,-13,-17,対昨年,,-7,-12,,-25,-18,対昨年,,,,,,
,,,,,,,,,,,,,,,,,,,,,,,,,,,,,,,,,,,,,,,,,,,,,,,,,,,,,,,
,,,,,,,,,,,,,,,,,,,,,,,,,,,,,,,,,,,,,,,,,,,,,,,,,,,,,,,
,,,,,,,,,,,,,,,,,,,,,,,,,,,,,,,,,,,,,,,,,,,,,,,,,,,,,,,
,,,,,,,,,,,,,,,,,,,,,,,,,,,,,,,,,,,,,,,,,,,,,,,,,,,,,,,
,,,,,,,,,,,,,,,,,,,,,,,,,,,,,,,,,,,,,,,,,,,,,,,,,,,,,,,
九州大,,,芸術工,,,,九州大,,,芸術工,,,,九州大,,,芸術工,,,,九州大,,,芸術工,,,,九州大,,,芸術工,,,,九州大,,,医,,,,九州大,,,医,,,,九州大,,,医,,,
,芸術／メディ,,,,,前,,芸術／インダ,,,,,前,,芸術／音響設,,,,,前,,芸術／環境設,,,,,前,,芸術／未来構,,,,,前,,生命科学,,,,,前,,医,,,,,前,,保健／看護学,,,,,前
基準,415,B,400,,385,370,基準,400,B,385,,370,355,基準,420,B,405,,390,375,基準,400,B,385,,370,355,基準,400,B,385,,370,355,基準,375,B,360,,345,330,基準,420,B,410,,400,390,基準,355,B,340,,325,310
ｾﾝﾀｰ：2次,,,500,:,750,,ｾﾝﾀｰ：2次,,,500,:,750,,ｾﾝﾀｰ：2次,,,500,:,750,,ｾﾝﾀｰ：2次,,,500,:,750,,ｾﾝﾀｰ：2次,,,500,:,750,,ｾﾝﾀｰ：2次,,,450,:,800,,ｾﾝﾀｰ：2次,,,450,:,700,,ｾﾝﾀｰ：2次,,,450,:,400,
1段階,4.0,倍（,575,/,900,）,1段階,4.0,倍（,****,/,,）,1段階,4.0,倍（,****,/,,）,1段階,4.0,倍（,****,/,,）,1段階,4.0,倍（,****,/,,）,1段階,6.0,倍（,****,/,,）,1段階,2.5,倍（,760,/,900,）,1段階,4.0,倍（,****,/,,）
定員,21,,昨年倍率,,,,定員,25,,昨年倍率,,,,定員,26,,昨年倍率,,,,定員,24,,昨年倍率,,,,定員,15,,昨年倍率,,,,定員,12,,昨年倍率,,,2.1,定員,110,,昨年倍率,,,3.1,定員,59,,昨年倍率,,,1.8
,,,,,昨年度,,,,,,,昨年度,,,,,,,昨年度,,,,,,,昨年度,,,,,,,昨年度,,,,,,,昨年度,,,,,,,昨年度,,,,,,,昨年度,
得点,,今年,昨年,,合格,不合,得点,,今年,昨年,,合格,不合,得点,,今年,昨年,,合格,不合,得点,,今年,昨年,,合格,不合,得点,,今年,昨年,,合格,不合,得点,,今年,昨年,,合格,不合,得点,,今年,昨年,,合格,不合,得点,,今年,昨年,,合格,不合
500,,,,,,,500,,,,,,,500,,,,,,,500,,,,,,,500,,,,,,,450,,,,,,,450,,,,,,,450,,,,,,
495,,,,,,,495,,,,,,,495,,,,,,,495,,,,,,,495,,,,,,,445,,,,,,,445,,,,,,1,445,,,,,,
490,,,,,,,490,,,,,,,490,,,,,,,490,,,,,,,490,,,,,,,440,,,,,,,440,,,1,,1,,440,,,,,,
485,,,,,,,485,,,,,,,485,,,,,,,485,,,,,,,485,,,,,,,435,,,,,,,435,,4,2,,1,,435,,,,,,
480,,,,,,,480,,,,,,,480,,,,,,,480,,,,,,,480,,,,,,,430,,,,,,,430,,8,5,,1,1,430,,,,,,
475,,,,,,,475,,,,,,,475,,,,,,,475,,,,,,,475,,,,,,,425,,,,,,,425,,10,14,A,9,,425,,,,,,
470,,,,,,,470,,,,,,,470,,,,,,,470,,,,,,,470,,,,,,,420,,,,,,,420,A,18,33,,11,2,420,,,,,,
465,,,,,,,465,,,,,,,465,,,,,,,465,,,,,,,465,,,,,,,415,,,,,,,415,,42,45,B,8,2,415,,,,,,
460,,,,,,,460,,,,,,,460,,,,,,,460,,,,,,,460,,,1,,1,,410,,,1,,1,,410,B,63,78,,18,6,410,,1,,,,
455,,1,,,1,,455,,,,,,,455,,,,,,,455,,,,,,,455,,,,,,,405,,,,,,,405,,93,111,C,9,14,405,,,,,,
450,,,,,,,450,,,,,,,450,,,,,,,450,,,,,,,450,,,,,,,400,,,,,,,400,C,126,144,,8,10,400,,,,,,
445,,,1,,1,,445,,,,,,,445,,,1,,1,,445,,,,,,,445,,,,,,,395,,,2,,1,,395,,151,164,D,2,3,395,,,1,,1,
440,,3,,,,,440,,,,,,,440,,,5,,5,,440,,,1,,,,440,,,,,,,390,,1,,,,,390,D,169,192,,2,11,390,,,2,,1,
435,,,2,,1,,435,,,1,,1,,435,,,6,,,,435,,,2,,,,435,,,,,,,385,,2,5,,1,,385,,191,224,,4,9,385,,,4,,1,
430,,4,5,,,,430,,,2,,1,,430,,2,9,A,3,,430,,,4,,2,,430,,,3,,1,,380,,3,6,A,1,,380,,215,246,,,9,380,,,5,,,
425,,5,8,,3,,425,,1,6,,2,,425,,7,13,,2,1,425,,,,,2,,425,,,5,,1,,375,A,6,,,,,375,,234,262,,1,4,375,,,9,,4,
420,,8,,A,,,420,,,9,,3,,420,A,10,15,,1,,420,,,6,,2,,420,,,8,A,1,1,370,,8,,,,,370,,245,274,,,2,370,,4,11,,2,
415,A,12,9,,,,415,,2,11,A,1,2,415,,14,23,B,4,4,415,,,8,A,3,,415,,,11,,1,1,365,,12,9,B,,,365,,255,282,,,3,365,,7,15,A,5,
410,,14,13,,2,1,410,,5,14,,4,1,410,,15,33,,5,3,410,,2,11,,3,1,410,,,14,,3,,360,B,13,10,,1,2,360,,263,287,,,3,360,,,22,,10,
405,,18,17,B,2,,405,,6,18,,1,2,405,B,24,39,,2,4,405,,3,14,,2,,405,,2,17,B,2,,355,,15,11,,1,1,355,,268,292,,,,355,A,11,29,,9,
400,B,23,18,,,,400,A,9,22,B,2,3,400,,30,43,C,2,,400,A,6,19,B,2,1,400,A,3,22,,1,3,350,,16,16,C,2,,350,,279,298,,,1,350,,18,36,B,4,1
395,,27,21,,1,,395,,14,27,,3,2,395,,36,52,,1,5,395,,8,25,,4,3,395,,,28,,4,2,345,C,18,18,,2,,345,,286,301,,,1,345,,23,48,,7,3
390,,35,26,C,1,1,390,,19,34,,,3,390,C,42,58,,,3,390,,14,28,,1,3,390,,5,34,C,2,3,340,,21,19,,,,340,,,305,,,2,340,B,33,58,,4,3
385,C,39,32,,,1,385,B,26,37,C,3,2,385,,51,66,D,1,2,385,B,18,34,C,1,2,385,B,6,37,,3,1,335,,28,21,D,1,,335,,289,306,,,1,335,,42,72,C,4,1
380,,51,39,,1,2,380,,30,46,,,5,380,,65,73,,,3,380,,,39,,1,2,380,,9,41,,1,2,330,D,34,23,,,,330,,292,309,,,,330,,51,83,,2,3
375,,56,45,D,1,2,375,,36,55,,,10,375,D,70,76,,,1,375,,27,40,,,,375,,10,47,D,2,3,325,,35,26,,,,325,,295,312,,,,325,C,61,98,,1,11
370,D,64,53,,1,3,370,C,38,61,D,,2,370,,78,84,,,7,370,C,34,42,D,,,370,C,13,52,,,1,320,,39,,,,,320,,297,314,,,2,320,,71,111,D,,8
365,,71,58,,,,365,,42,64,,1,3,365,,91,90,,,3,365,,36,45,,,,365,,,57,,,4,315,,44,28,,,3,315,,302,317,,,1,315,,76,123,,,4
360,,79,65,,1,5,360,,47,73,,2,1,360,,94,94,,,3,360,,43,48,,,1,360,,,59,,,,310,,48,30,,,,310,,304,319,,,,310,D,91,133,,,2
355,,86,70,,,3,355,D,48,84,,,2,355,,100,98,,,,355,D,46,50,,,1,355,D,14,62,,,2,305,,50,31,,,,305,,306,320,,,,305,,103,146,,,1
350,,95,75,,,2,350,,53,90,,,1,350,,107,107,,,5,350,,49,52,,,,350,,16,63,,,,300,,52,32,,,1,300,,307,321,,,2,300,,110,154,,,1
345,,102,78,,,1,345,,59,93,,,1,345,,112,113,,,3,345,,53,54,,,2,345,,17,68,,,1,295,,,33,,,,295,,308,323,,,1,295,,122,160,,,
340,,103,85,,,,340,,62,97,,,3,340,,117,115,,,,340,,57,55,,,1,340,,18,74,,,2,290,,53,,,,,290,,,326,,,,290,,132,164,,,
335,,106,88,,,1,335,,64,106,,,2,335,,121,118,,,1,335,,58,58,,,,335,,19,,,,,285,,54,,,,1,285,,,329,,,3,285,,135,167,,,
330,,109,93,,,2,330,,67,111,,,3,330,,123,122,,,2,330,,59,62,,,1,330,,,77,,,,280,,55,,,,,280,,309,,,,,280,,140,171,,,1
325,,115,95,,,,325,,68,114,,,2,325,,128,126,,,,325,,61,63,,,1,325,,20,80,,,,275,,56,34,,,,275,,310,,,,,275,,144,177,,,
320,,123,,,,,320,,69,116,,,3,320,,130,129,,,,320,,62,,,,,320,,21,,,,,270,,,,,,,270,,312,331,,,,270,,147,181,,1,
315,,126,,,,,315,,73,119,,,1,315,,133,131,,,,315,,64,64,,,1,315,,24,83,,,2,265,,,,,,,265,,,333,,,,265,,150,183,,,1
310,,127,,,,,310,,74,121,,,,310,,134,134,,,,310,,65,66,,,,310,,,,,,1,260,,,,,,,260,,313,334,,,1,260,,153,185,,,
305,,130,96,,,,305,,77,123,,,,305,,138,,,,,305,,,68,,,1,305,,26,84,,,,255,,,35,,,,255,,314,,,,,255,,157,187,,,1
300,,,98,,,1,300,,78,,,,,300,,140,139,,,2,300,,,69,,,1,300,,,86,,,,250,,,,,,,250,,,,,,,250,,159,188,,,
人数,,150,113,,16,29,人数,,84,130,,24,59,人数,,150,157,,27,57,人数,,75,73,,23,23,人数,,29,91,,23,31,人数,,58,36,,11,8,人数,,319,337,,75,96,人数,,162,193,,56,41
平均,,352,359,,409,351,平均,,359,364,,405,362,平均,,366,365,,421,369,平均,,356,371,,410,361,平均,,352,370,,404,367,平均,,332,338,,366,327,平均,,383,386,,412,380,平均,,313,322,,355,323
得点率,,70.5,71.8,,81.8,70.2,得点率,,71.8,72.9,,80.9,72.3,得点率,,73.2,73.0,,84.1,73.8,得点率,,71.2,74.1,,82.0,72.1,得点率,,70.4,74.0,,80.7,73.4,得点率,,73.7,75.0,,81.4,72.6,得点率,,85.1,85.8,,91.6,84.5,得点率,,69.6,71.6,,78.9,71.7
対昨年,,-8,-7,,+41,+37,対昨年,,-8,-5,,-79,-46,対昨年,,-6,+1,,-12,-7,対昨年,,-12,-15,,-2,+2,対昨年,,-9,-18,,-85,-62,対昨年,,-1,-6,,+56,+22,対昨年,,-2,-3,,-48,-18,対昨年,,-9,-9,,-40,-31
,,,,,,,,,,,,,,,,,,,,,,,,,,,,,,,,,,,,,,,,,,,,,,,,,,,,,,,
,,,,,,,,,,,,,,,,,,,,,,,,,,,,,,,,,,,,,,,,,,,,,,,,,,,,,,,
,,,,,,,,,,,,,,,,,,,,,,,,,,,,,,,,,,,,,,,,,,,,,,,,,,,,,,,
,,,,,,,,,,,,,,,,,,,,,,,,,,,,,,,,,,,,,,,,,,,,,,,,,,,,,,,
,,,,,,,,,,,,,,,,,,,,,,,,,,,,,,,,,,,,,,,,,,,,,,,,,,,,,,,
九州大,,,医,,,,九州大,,,医,,,,九州大,,,歯,,,,九州大,,,薬,,,,九州大,,,薬,,,,九州大,,,薬,,,,九州大,,,薬,,,,九州大,,,農,,,
,保健／放射線,,,,,前,,保健／検査技,,,,,前,,歯,,,,,前,,創薬科学,,,,,前,,臨床薬,,,,,前,,創薬科学,,,,,後,,臨床薬,,,,,後,,生物資源環境,,,,,前
基準,355,B,340,,325,310,基準,360,B,345,,330,315,基準,370,B,355,,340,325,基準,380,B,365,,350,335,基準,400,B,380,,370,355,基準,455,B,440,,425,410,基準,465,B,450,,435,420,基準,370,B,355,,340,325
ｾﾝﾀｰ：2次,,,450,:,700,,ｾﾝﾀｰ：2次,,,450,:,700,,ｾﾝﾀｰ：2次,,,450,:,700,,ｾﾝﾀｰ：2次,,,450,:,700,,ｾﾝﾀｰ：2次,,,450,:,700,,ｾﾝﾀｰ：2次,,,500,:,250,,ｾﾝﾀｰ：2次,,,500,:,250,,ｾﾝﾀｰ：2次,,,450,:,750,
1段階,4.0,倍（,****,/,,）,1段階,4.0,倍（,****,/,,）,1段階,6.0,倍（,****,/,,）,1段階,,倍（,,/,,）,1段階,,倍（,,/,,）,1段階,10.0,倍（,****,/,,）,1段階,10.0,倍（,650,/,900,）,1段階,4.0,倍（,****,/,,）
定員,27,,昨年倍率,,,2.5,定員,27,,昨年倍率,,,2.1,定員,45,,昨年倍率,,,3.3,定員,45,,昨年倍率,,,1.6,定員,26,,昨年倍率,,,2.3,定員,4,,昨年倍率,,,3.5,定員,4,,昨年倍率,,,5.8,定員,172,,昨年倍率,,,2.2
,,,,,昨年度,,,,,,,昨年度,,,,,,,昨年度,,,,,,,昨年度,,,,,,,昨年度,,,,,,,昨年度,,,,,,,昨年度,,,,,,,昨年度,
得点,,今年,昨年,,合格,不合,得点,,今年,昨年,,合格,不合,得点,,今年,昨年,,合格,不合,得点,,今年,昨年,,合格,不合,得点,,今年,昨年,,合格,不合,得点,,今年,昨年,,合格,不合,得点,,今年,昨年,,合格,不合,得点,,今年,昨年,,合格,不合
450,,,,,,,450,,,,,,,450,,,,,,,450,,,,,,,450,,,,,,,500,,,,,,,500,,,,,,,450,,,,,,
445,,,,,,,445,,,,,,,445,,,,,,,445,,,,,,,445,,,,,,,495,,,,,,,495,,,,,,,445,,,,,,
440,,,,,,,440,,,,,,,440,,,,,,,440,,,,,,,440,,,,,,,490,,,,,,,490,,,,,,,440,,,,,,
435,,,,,,,435,,,,,,,435,,,,,,,435,,,,,,,435,,,,,,,485,,,,,,,485,,1,,,,,435,,,,,,
430,,,,,,,430,,,,,,,430,,,,,,,430,,,,,,,430,,,,,,,480,,,,,,,480,,,,,,,430,,,,,,
425,,,,,,,425,,,,,,,425,,,,,,,425,,,,,,,425,,,,,,,475,,2,,,,,475,,,1,,,,425,,,,,,
420,,,,,,,420,,,,,,,420,,,,,,,420,,,,,,,420,,,1,,,,470,,,1,,1,,470,,3,2,,,,420,,,,,,
415,,,,,,,415,,,,,,,415,,,,,,,415,,1,,,,,415,,,2,,1,,465,,,3,,,,465,A,4,3,A,,,415,,,,,,
410,,,,,,,410,,,,,,,410,,,,,,,410,,,,,,,410,,,,A,,,460,,3,7,A,1,1,460,,5,,,,,410,,,,,1,
405,,,,,,,405,,,,,,,405,,,1,,1,,405,,3,1,,,,405,,2,,,,,455,A,6,12,,,,455,,8,5,,,,405,,1,1,,1,
400,,,,,,,400,,,1,,1,,400,,,2,,,,400,,,3,,3,,400,A,,8,,,2,450,,8,15,,2,,450,B,13,8,B,1,,400,,3,2,,1,
395,,,,,,,395,,,,,1,,395,,1,4,,1,,395,,7,6,,2,,395,,7,16,,7,,445,,11,17,B,,,445,,15,9,,,,395,,5,4,,3,
390,,,1,,2,,390,,,,,1,,390,,,,,2,,390,,,11,A,3,,390,,13,26,B,6,1,440,B,13,21,,,,440,,17,14,,,1,390,,10,10,,6,
385,,1,,,,,385,,,,,,,385,,4,6,,,,385,,8,13,,2,,385,,19,33,,1,,435,,14,24,,,,435,C,19,18,C,,2,385,,14,21,,9,1
380,,,,,2,,380,,1,3,,2,,380,,6,7,A,3,1,380,A,13,21,,4,1,380,B,28,43,C,3,3,430,,21,28,C,,,430,,21,21,,1,,380,,22,38,A,16,1
375,,,2,,1,,375,,2,4,A,1,,375,,7,8,,2,,375,,19,26,B,7,1,375,,37,48,,,2,425,C,23,32,,,,425,,25,28,,1,,375,,36,57,,14,3
370,,3,,A,1,,370,,3,9,,3,,370,A,9,11,,4,3,370,,24,35,,5,3,370,C,50,59,,2,2,420,,27,35,,,,420,D,29,29,D,,,370,A,47,70,,10,4
365,,4,7,,5,,365,,5,12,,2,,365,,12,23,B,5,3,365,B,31,47,,5,1,365,,57,67,D,,1,415,,29,36,D,,1,415,,31,32,,,2,365,,66,86,B,13,4
360,,7,9,,1,1,360,A,,17,B,4,,360,,16,29,,4,2,360,,42,55,C,2,3,360,,60,74,,,1,410,D,31,,,,1,410,,34,35,,,1,360,,84,116,,21,13
355,A,,11,B,3,,355,,8,21,,2,2,355,B,23,32,,2,3,355,,47,65,,2,2,355,D,65,86,,,3,405,,32,40,,,1,405,,38,38,,,,355,B,103,142,,18,17
350,,12,12,,,4,350,,12,28,,1,2,350,,26,37,C,2,5,350,C,52,71,,,,350,,72,91,,1,2,400,,33,43,,,,400,,40,40,,,,350,,129,170,C,10,12
345,,16,16,,3,2,345,B,15,30,C,2,2,345,,32,43,,2,2,345,,60,76,D,,3,345,,80,99,,,1,395,,,45,,,,395,,,42,,,1,345,,144,196,,5,18
340,B,17,18,C,2,1,340,,18,36,,4,2,340,C,38,48,,,2,340,,64,80,,,,340,,89,104,,,1,390,,36,46,,,,390,,42,44,,,1,340,C,182,224,,8,15
335,,18,28,,4,4,335,,24,43,,1,4,335,,47,53,D,,,335,D,70,84,,1,,335,,94,115,,,2,385,,37,47,,,,385,,43,45,,,,335,,215,249,D,3,9
330,,24,30,,,1,330,C,25,48,D,,2,330,,54,56,,,3,330,,75,85,,,2,330,,101,118,,,1,380,,39,,,,1,380,,44,48,,,1,330,,242,276,,1,14
325,C,31,31,D,,,325,,30,52,,,2,325,D,61,59,,,1,325,,78,86,,,3,325,,106,121,,,1,375,,41,48,,,,375,,46,49,,,,325,D,268,294,,2,8
320,,33,33,,,1,320,,33,54,,,,320,,66,62,,,2,320,,80,,,,,320,,111,123,,,,370,,,49,,,,370,,47,50,,,2,320,,284,316,,,9
315,,36,36,,,4,315,D,34,57,,,1,315,,68,68,,,5,315,,82,,,,,315,,117,,,,,365,,42,,,,,365,,48,52,,,,315,,305,336,,,6
310,D,40,40,,,,310,,37,61,,,,310,,70,71,,,2,310,,84,,,,,310,,121,126,,,1,360,,44,,,,1,360,,,54,,,,310,,332,345,,,4
305,,43,42,,,,305,,40,65,,,,305,,72,,,,1,305,,85,87,,,,305,,124,129,,,3,355,,45,,,,,355,,,55,,,,305,,341,355,,,3
300,,46,44,,,,300,,46,68,,,,300,,73,72,,,2,300,,88,,,,,300,,,,,,,350,,46,,,,,350,,49,56,,,,300,,350,366,,,4
295,,47,,,,,295,,50,69,,,,295,,,73,,,,295,,,,,,,295,,126,,,,,345,,,,,,,345,,52,59,,,,295,,361,378,,,2
290,,48,,,,,290,,,73,,,1,290,,74,75,,,2,290,,,,,,,290,,127,,,,,340,,,,,,,340,,,60,,,,290,,365,382,,,1
285,,52,47,,,,285,,51,,,,,285,,75,77,,,1,285,,,88,,,1,285,,128,,,,1,335,,,50,,,,335,,,62,,,,285,,368,385,,,2
280,,53,50,,,,280,,55,74,,,,280,,,,,,3,280,,89,89,,,,280,,129,,,,,330,,,,,,,330,,55,63,,,1,280,,370,389,,,1
275,,,51,,,1,275,,57,,,,,275,,77,78,,,2,275,,91,,,,1,275,,130,131,,,1,325,,,,,,,325,,,64,,,1,275,,373,392,,,1
270,,54,55,,,,270,,60,75,,,,270,,80,80,,,,270,,92,,,,,270,,133,132,,,,320,,47,,,,,320,,57,,,,,270,,374,394,,,1
265,,55,56,,,1,265,,,,,,,265,,82,,,,,265,,,90,,,,265,,,,,,,315,,,,,,,315,,58,,,,,265,,376,395,,,
260,,,,,,,260,,,,,,,260,,,,,,,260,,,,,,,260,,134,133,,,1,310,,,,,,,310,,59,,,,,260,,380,398,,,1
255,,58,57,,,1,255,,,76,,,1,255,,,,,,,255,,,,,,,255,,,,,,1,305,,48,,,,,305,,,,,,,255,,382,,,,1
250,,,,,,,250,,,77,,,,250,,83,,,,1,250,,93,,,,,250,,136,,,,,300,,,,,,,300,,,,,,,250,,383,399,,,
人数,,65,59,,24,23,人数,,66,78,,25,19,人数,,86,83,,28,50,人数,,96,90,,36,21,人数,,143,136,,21,32,人数,,49,51,,4,7,人数,,63,69,,3,13,人数,,389,405,,142,157
平均,,312,321,,360,319,平均,,314,334,,364,333,平均,,331,339,,371,322,平均,,347,363,,377,347,平均,,343,359,,389,342,平均,,412,427,,459,391,平均,,400,396,,437,395,平均,,335,340,,367,337
得点率,,69.2,71.4,,80.0,70.8,得点率,,69.9,74.2,,80.8,74.0,得点率,,73.6,75.4,,82.3,71.5,得点率,,77.0,80.6,,83.9,77.1,得点率,,76.2,79.8,,86.5,76.0,得点率,,82.4,85.3,,91.8,78.2,得点率,,80.0,79.2,,87.5,79.0,得点率,,74.5,75.6,,81.6,74.9
対昨年,,-9,-9,,+12,+6,対昨年,,-11,-20,,-1,-12,対昨年,,-11,-8,,-11,+3,対昨年,,-12,-16,,+24,+6,対昨年,,-8,-16,,+1,+7,対昨年,,-13,-15,,-7,-2,対昨年,,-5,+4,,-22,-6,対昨年,,-6,-5,,-47,-16
,,,,,,,,,,,,,,,,,,,,,,,,,,,,,,,,,,,,,,,,,,,,,,,,,,,,,,,
,,,,,,,,,,,,,,,,,,,,,,,,,,,,,,,,,,,,,,,,,,,,,,,,,,,,,,,
,,,,,,,,,,,,,,,,,,,,,,,,,,,,,,,,,,,,,,,,,,,,,,,,,,,,,,,
,,,,,,,,,,,,,,,,,,,,,,,,,,,,,,,,,,,,,,,,,,,,,,,,,,,,,,,
,,,,,,,,,,,,,,,,,,,,,,,,,,,,,,,,,,,,,,,,,,,,,,,,,,,,,,,
九州大,,,農,,,,,,,,,,,,,,,,,,,,,,,,,,,,,,,,,,,,,,,,,,,,,,,,,,,,
,生物資源環境,,,,,後,,,,,,,,,,,,,,,,,,,,,,,,,,,,,,,,,,,,,,,,,,,,,,,,,
基準,435,B,420,,405,390,,,,,,,,,,,,,,,,,,,,,,,,,,,,,,,,,,,,,,,,,,,,,,,,,
ｾﾝﾀｰ：2次,,,500,:,300,,,,,,,,,,,,,,,,,,,,,,,,,,,,,,,,,,,,,,,,,,,,,,,,,,
1段階,7.0,倍（,****,/,,）,,,,,,,,,,,,,,,,,,,,,,,,,,,,,,,,,,,,,,,,,,,,,,,,,
定員,24,,昨年倍率,,,1.8,,,,,,,,,,,,,,,,,,,,,,,,,,,,,,,,,,,,,,,,,,,,,,,,,
,,,,,昨年度,,,,,,,,,,,,,,,,,,,,,,,,,,,,,,,,,,,,,,,,,,,,,,,,,,
得点,,今年,昨年,,合格,不合,,,,,,,,,,,,,,,,,,,,,,,,,,,,,,,,,,,,,,,,,,,,,,,,,
500,,,,,,,,,,,,,,,,,,,,,,,,,,,,,,,,,,,,,,,,,,,,,,,,,,,,,,,
495,,,,,,,,,,,,,,,,,,,,,,,,,,,,,,,,,,,,,,,,,,,,,,,,,,,,,,,
490,,,,,,,,,,,,,,,,,,,,,,,,,,,,,,,,,,,,,,,,,,,,,,,,,,,,,,,
485,,,,,,,,,,,,,,,,,,,,,,,,,,,,,,,,,,,,,,,,,,,,,,,,,,,,,,,
480,,,1,,,,,,,,,,,,,,,,,,,,,,,,,,,,,,,,,,,,,,,,,,,,,,,,,,,,
475,,,,,,,,,,,,,,,,,,,,,,,,,,,,,,,,,,,,,,,,,,,,,,,,,,,,,,,
470,,,,,,,,,,,,,,,,,,,,,,,,,,,,,,,,,,,,,,,,,,,,,,,,,,,,,,,
465,,1,2,,1,,,,,,,,,,,,,,,,,,,,,,,,,,,,,,,,,,,,,,,,,,,,,,,,,,
460,,2,,,,,,,,,,,,,,,,,,,,,,,,,,,,,,,,,,,,,,,,,,,,,,,,,,,,,
455,,,3,,,,,,,,,,,,,,,,,,,,,,,,,,,,,,,,,,,,,,,,,,,,,,,,,,,,
450,,4,11,,1,,,,,,,,,,,,,,,,,,,,,,,,,,,,,,,,,,,,,,,,,,,,,,,,,,
445,,12,19,A,1,,,,,,,,,,,,,,,,,,,,,,,,,,,,,,,,,,,,,,,,,,,,,,,,,,
440,,16,27,,1,1,,,,,,,,,,,,,,,,,,,,,,,,,,,,,,,,,,,,,,,,,,,,,,,,,
435,A,22,35,,,,,,,,,,,,,,,,,,,,,,,,,,,,,,,,,,,,,,,,,,,,,,,,,,,,
430,,27,48,B,2,,,,,,,,,,,,,,,,,,,,,,,,,,,,,,,,,,,,,,,,,,,,,,,,,,
425,,40,62,,1,,,,,,,,,,,,,,,,,,,,,,,,,,,,,,,,,,,,,,,,,,,,,,,,,,
420,B,45,76,,3,,,,,,,,,,,,,,,,,,,,,,,,,,,,,,,,,,,,,,,,,,,,,,,,,,
415,,53,89,C,2,1,,,,,,,,,,,,,,,,,,,,,,,,,,,,,,,,,,,,,,,,,,,,,,,,,
410,,57,98,,1,,,,,,,,,,,,,,,,,,,,,,,,,,,,,,,,,,,,,,,,,,,,,,,,,,
405,C,69,102,,,,,,,,,,,,,,,,,,,,,,,,,,,,,,,,,,,,,,,,,,,,,,,,,,,,
400,,82,114,D,1,1,,,,,,,,,,,,,,,,,,,,,,,,,,,,,,,,,,,,,,,,,,,,,,,,,
395,,85,121,,1,1,,,,,,,,,,,,,,,,,,,,,,,,,,,,,,,,,,,,,,,,,,,,,,,,,
390,D,91,128,,2,,,,,,,,,,,,,,,,,,,,,,,,,,,,,,,,,,,,,,,,,,,,,,,,,,
385,,96,133,,3,,,,,,,,,,,,,,,,,,,,,,,,,,,,,,,,,,,,,,,,,,,,,,,,,,
380,,104,139,,1,2,,,,,,,,,,,,,,,,,,,,,,,,,,,,,,,,,,,,,,,,,,,,,,,,,
375,,108,144,,,1,,,,,,,,,,,,,,,,,,,,,,,,,,,,,,,,,,,,,,,,,,,,,,,,,
370,,114,151,,1,1,,,,,,,,,,,,,,,,,,,,,,,,,,,,,,,,,,,,,,,,,,,,,,,,,
365,,118,155,,,1,,,,,,,,,,,,,,,,,,,,,,,,,,,,,,,,,,,,,,,,,,,,,,,,,
360,,123,158,,,2,,,,,,,,,,,,,,,,,,,,,,,,,,,,,,,,,,,,,,,,,,,,,,,,,
355,,130,160,,,2,,,,,,,,,,,,,,,,,,,,,,,,,,,,,,,,,,,,,,,,,,,,,,,,,
350,,133,161,,,1,,,,,,,,,,,,,,,,,,,,,,,,,,,,,,,,,,,,,,,,,,,,,,,,,
345,,134,163,,,,,,,,,,,,,,,,,,,,,,,,,,,,,,,,,,,,,,,,,,,,,,,,,,,,
340,,139,165,,,2,,,,,,,,,,,,,,,,,,,,,,,,,,,,,,,,,,,,,,,,,,,,,,,,,
335,,141,166,,,1,,,,,,,,,,,,,,,,,,,,,,,,,,,,,,,,,,,,,,,,,,,,,,,,,
330,,145,167,,,,,,,,,,,,,,,,,,,,,,,,,,,,,,,,,,,,,,,,,,,,,,,,,,,,
325,,,,,,,,,,,,,,,,,,,,,,,,,,,,,,,,,,,,,,,,,,,,,,,,,,,,,,,
320,,,168,,,,,,,,,,,,,,,,,,,,,,,,,,,,,,,,,,,,,,,,,,,,,,,,,,,,
315,,146,,,,,,,,,,,,,,,,,,,,,,,,,,,,,,,,,,,,,,,,,,,,,,,,,,,,,
310,,,169,,,2,,,,,,,,,,,,,,,,,,,,,,,,,,,,,,,,,,,,,,,,,,,,,,,,,
305,,147,170,,,,,,,,,,,,,,,,,,,,,,,,,,,,,,,,,,,,,,,,,,,,,,,,,,,,
300,,,171,,,1,,,,,,,,,,,,,,,,,,,,,,,,,,,,,,,,,,,,,,,,,,,,,,,,,
人数,,154,172,,22,21,,,,,,,,,,,,,,,,,,,,,,,,,,,,,,,,,,,,,,,,,,,,,,,,,
平均,,392,408,,414,360,,,,,,,,,,,,,,,,,,,,,,,,,,,,,,,,,,,,,,,,,,,,,,,,,
得点率,,78.4,81.6,,82.7,72.0,,,,,,,,,,,,,,,,,,,,,,,,,,,,,,,,,,,,,,,,,,,,,,,,,
対昨年,,-17,-16,,-28,-18,,,,,,,,,,,,,,,,,,,,,,,,,,,,,,,,,,,,,,,,,,,,,,,,,
