psm_id	modification	site	position
PSM868_2_1	Carbamidomethyl	C	1
PSM868_2_1	Phospho	S	22
PSM868_2_10	Phospho	S	13
PSM868_2_100	Acetyl	N-term	
PSM868_2_100	Phospho	S	2
PSM868_2_101	Acetyl	N-term	
PSM868_2_101	Phospho	S	2
PSM868_2_102	Acetyl	N-term	
PSM868_2_102	Phospho	S	2
PSM868_2_103	Acetyl	N-term	
PSM868_2_103	Phospho	S	2
PSM868_2_104	Acetyl	N-term	
PSM868_2_104	Phospho	S	2
PSM868_2_105	Acetyl	N-term	
PSM868_2_105	Phospho	S	2
PSM868_2_106	Acetyl	N-term	
PSM868_2_106	Phospho	S	2
PSM868_2_107	Acetyl	N-term	
PSM868_2_107	Phospho	S	2
PSM868_2_108	Acetyl	N-term	
PSM868_2_108	Phospho	S	2
PSM868_2_109	Acetyl	N-term	
PSM868_2_109	Phospho	S	2
PSM868_2_11	Phospho	S	13
PSM868_2_110	Acetyl	N-term	
PSM868_2_110	Phospho	S	2
PSM868_2_111	Acetyl	N-term	
PSM868_2_111	Phospho	S	2
PSM868_2_112	Acetyl	N-term	
PSM868_2_112	Phospho	S	2
PSM868_2_113	Acetyl	N-term	
PSM868_2_113	Phospho	S	2
PSM868_2_114	Acetyl	N-term	
PSM868_2_114	Phospho	S	2
PSM868_2_115	Acetyl	N-term	
PSM868_2_115	Phospho	S	2
PSM868_2_116	Acetyl	N-term	
PSM868_2_116	Phospho	S	1
PSM868_2_117	Acetyl	N-term	
PSM868_2_117	Phospho	S	1
PSM868_2_118	Acetyl	N-term	
PSM868_2_118	Phospho	S	1
PSM868_2_119	Acetyl	N-term	
PSM868_2_119	Phospho	S	1
PSM868_2_12	Phospho	S	13
PSM868_2_120	Acetyl	N-term	
PSM868_2_120	Phospho	S	1
PSM868_2_121	Acetyl	N-term	
PSM868_2_121	Phospho	S	1
PSM868_2_122	Acetyl	N-term	
PSM868_2_122	Phospho	S	1
PSM868_2_123	Acetyl	N-term	
PSM868_2_123	Phospho	S	1
PSM868_2_124	Acetyl	N-term	
PSM868_2_124	Phospho	S	1
PSM868_2_125	Acetyl	N-term	
PSM868_2_125	Phospho	S	1
PSM868_2_126	Acetyl	N-term	
PSM868_2_126	Phospho	S	1
PSM868_2_127	Acetyl	N-term	
PSM868_2_127	Phospho	S	1
PSM868_2_128	Acetyl	N-term	
PSM868_2_128	Phospho	S	1
PSM868_2_129	Acetyl	N-term	
PSM868_2_129	Phospho	S	1
PSM868_2_13	Phospho	S	13
PSM868_2_130	Acetyl	N-term	
PSM868_2_130	Phospho	S	1
PSM868_2_131	Acetyl	N-term	
PSM868_2_131	Phospho	S	1
PSM868_2_132	Acetyl	N-term	
PSM868_2_132	Phospho	S	13
PSM868_2_133	Acetyl	N-term	
PSM868_2_133	Phospho	S	13
PSM868_2_134	Acetyl	N-term	
PSM868_2_134	Phospho	S	13
PSM868_2_135	Acetyl	N-term	
PSM868_2_135	Phospho	S	13
PSM868_2_136	Phospho	S	9
PSM868_2_136	Carbamidomethyl	C	37
PSM868_2_137	Phospho	S	9
PSM868_2_137	Carbamidomethyl	C	37
PSM868_2_138	Phospho	S	9
PSM868_2_138	Carbamidomethyl	C	37
PSM868_2_139	Phospho	S	9
PSM868_2_139	Carbamidomethyl	C	37
PSM868_2_14	Phospho	S	13
PSM868_2_140	Phospho	S	9
PSM868_2_140	Carbamidomethyl	C	37
PSM868_2_141	Phospho	S	9
PSM868_2_141	Carbamidomethyl	C	37
PSM868_2_142	Phospho	S	9
PSM868_2_142	Carbamidomethyl	C	37
PSM868_2_143	Phospho	S	9
PSM868_2_143	Carbamidomethyl	C	37
PSM868_2_144	Carbamidomethyl	C	21
PSM868_2_144	Phospho	S	23
PSM868_2_145	Carbamidomethyl	C	21
PSM868_2_145	Phospho	S	23
PSM868_2_146	Carbamidomethyl	C	21
PSM868_2_146	Phospho	S	23
PSM868_2_147	Carbamidomethyl	C	21
PSM868_2_147	Phospho	S	23
PSM868_2_148	Carbamidomethyl	C	21
PSM868_2_148	Phospho	S	23
PSM868_2_149	Phospho	S	7
PSM868_2_15	Phospho	S	13
PSM868_2_150	Phospho	S	7
PSM868_2_151	Phospho	S	7
PSM868_2_152	Acetyl	N-term	
PSM868_2_152	Phospho	S	13
PSM868_2_153	Phospho	S	8
PSM868_2_154	Carbamidomethyl	C	2
PSM868_2_154	Phospho	Y	18
PSM868_2_155	Carbamidomethyl	C	2
PSM868_2_155	Phospho	Y	18
PSM868_2_156	Carbamidomethyl	C	2
PSM868_2_156	Phospho	Y	18
PSM868_2_157	Carbamidomethyl	C	2
PSM868_2_157	Phospho	Y	18
PSM868_2_158	Phospho	S	7
PSM868_2_159	Phospho	S	7
PSM868_2_16	Phospho	S	13
PSM868_2_160	Phospho	S	7
PSM868_2_161	Phospho	S	7
PSM868_2_162	Phospho	S	12
PSM868_2_163	Phospho	S	12
PSM868_2_164	Phospho	S	12
PSM868_2_165	Acetyl	N-term	
PSM868_2_165	Phospho	S	1
PSM868_2_166	Acetyl	N-term	
PSM868_2_166	Phospho	S	1
PSM868_2_167	Acetyl	N-term	
PSM868_2_167	Phospho	S	1
PSM868_2_168	Acetyl	N-term	
PSM868_2_168	Phospho	S	1
PSM868_2_169	Acetyl	N-term	
PSM868_2_169	Phospho	S	1
PSM868_2_17	Phospho	S	13
PSM868_2_170	Acetyl	N-term	
PSM868_2_170	Phospho	S	1
PSM868_2_171	Acetyl	N-term	
PSM868_2_171	Phospho	S	1
PSM868_2_172	Acetyl	N-term	
PSM868_2_172	Phospho	S	1
PSM868_2_173	Acetyl	N-term	
PSM868_2_173	Phospho	S	1
PSM868_2_174	Phospho	S	5
PSM868_2_175	Phospho	S	5
PSM868_2_176	Phospho	S	5
PSM868_2_177	Phospho	S	5
PSM868_2_178	Phospho	S	3
PSM868_2_179	Phospho	S	3
PSM868_2_18	Phospho	S	10
PSM868_2_180	Phospho	S	3
PSM868_2_181	Phospho	S	3
PSM868_2_182	Phospho	S	3
PSM868_2_183	Phospho	S	3
PSM868_2_184	Phospho	S	3
PSM868_2_188	Phospho	S	21
PSM868_2_189	Phospho	S	21
PSM868_2_19	Phospho	S	10
PSM868_2_190	Phospho	S	21
PSM868_2_191	Phospho	S	8
PSM868_2_192	Phospho	S	8
PSM868_2_193	Phospho	S	8
PSM868_2_194	Phospho	S	8
PSM868_2_195	Phospho	S	8
PSM868_2_196	Phospho	S	8
PSM868_2_197	Phospho	S	5
PSM868_2_198	Phospho	S	5
PSM868_2_199	Phospho	S	5
PSM868_2_2	Carbamidomethyl	C	1
PSM868_2_2	Phospho	S	22
PSM868_2_20	Phospho	S	10
PSM868_2_200	Phospho	S	5
PSM868_2_201	Phospho	S	5
PSM868_2_202	Phospho	S	5
PSM868_2_203	Phospho	S	5
PSM868_2_204	Phospho	S	5
PSM868_2_205	Phospho	T	4
PSM868_2_206	Phospho	T	4
PSM868_2_207	Phospho	S	3
PSM868_2_208	Phospho	S	3
PSM868_2_209	Phospho	S	3
PSM868_2_21	Phospho	S	10
PSM868_2_210	Phospho	S	3
PSM868_2_211	Phospho	S	3
PSM868_2_212	Phospho	S	3
PSM868_2_213	Phospho	S	9
PSM868_2_214	Phospho	S	9
PSM868_2_215	Phospho	S	9
PSM868_2_216	Acetyl	N-term	
PSM868_2_216	Phospho	S	1
PSM868_2_217	Acetyl	N-term	
PSM868_2_217	Phospho	S	1
PSM868_2_218	Acetyl	N-term	
PSM868_2_218	Phospho	S	1
PSM868_2_219	Acetyl	N-term	
PSM868_2_219	Phospho	S	1
PSM868_2_22	Phospho	S	10
PSM868_2_220	Acetyl	N-term	
PSM868_2_220	Phospho	S	1
PSM868_2_221	Acetyl	N-term	
PSM868_2_221	Phospho	S	13
PSM868_2_222	Acetyl	N-term	
PSM868_2_222	Phospho	S	13
PSM868_2_223	Acetyl	N-term	
PSM868_2_223	Phospho	S	13
PSM868_2_224	Phospho	S	13
PSM868_2_225	Phospho	S	3
PSM868_2_226	Phospho	S	3
PSM868_2_227	Phospho	S	3
PSM868_2_228	Phospho	S	3
PSM868_2_229	Phospho	S	6
PSM868_2_23	Phospho	S	10
PSM868_2_230	Phospho	S	6
PSM868_2_231	Phospho	S	6
PSM868_2_232	Acetyl	N-term	
PSM868_2_232	Phospho	S	2
PSM868_2_232	Oxidation	M	17
PSM868_2_233	Acetyl	N-term	
PSM868_2_233	Phospho	S	2
PSM868_2_233	Oxidation	M	17
PSM868_2_234	Acetyl	N-term	
PSM868_2_234	Phospho	S	2
PSM868_2_234	Oxidation	M	17
PSM868_2_235	Acetyl	N-term	
PSM868_2_235	Phospho	S	2
PSM868_2_235	Oxidation	M	17
PSM868_2_236	Acetyl	N-term	
PSM868_2_236	Phospho	S	2
PSM868_2_236	Oxidation	M	17
PSM868_2_237	Acetyl	N-term	
PSM868_2_237	Phospho	S	2
PSM868_2_237	Oxidation	M	17
PSM868_2_238	Phospho	S	3
PSM868_2_239	Phospho	S	3
PSM868_2_24	Phospho	S	10
PSM868_2_240	Phospho	S	3
PSM868_2_241	Phospho	S	3
PSM868_2_242	Acetyl	N-term	
PSM868_2_242	Phospho	S	1
PSM868_2_243	Acetyl	N-term	
PSM868_2_243	Phospho	S	1
PSM868_2_244	Acetyl	N-term	
PSM868_2_244	Phospho	S	1
PSM868_2_245	Acetyl	N-term	
PSM868_2_245	Phospho	S	1
PSM868_2_246	Acetyl	N-term	
PSM868_2_246	Phospho	S	1
PSM868_2_247	Acetyl	N-term	
PSM868_2_247	Phospho	S	1
PSM868_2_248	Acetyl	N-term	
PSM868_2_248	Phospho	S	1
PSM868_2_249	Phospho	S	3
PSM868_2_25	Phospho	S	10
PSM868_2_250	Phospho	S	3
PSM868_2_251	Phospho	S	3
PSM868_2_252	Phospho	S	3
PSM868_2_253	Phospho	S	3
PSM868_2_254	Phospho	S	3
PSM868_2_255	Phospho	S	3
PSM868_2_256	Phospho	S	3
PSM868_2_257	Phospho	S	3
PSM868_2_258	Phospho	S	3
PSM868_2_259	Phospho	S	3
PSM868_2_26	Acetyl	N-term	
PSM868_2_26	Phospho	S	5
PSM868_2_260	Phospho	S	3
PSM868_2_261	Phospho	S	3
PSM868_2_262	Phospho	S	3
PSM868_2_263	Phospho	S	3
PSM868_2_264	Phospho	S	3
PSM868_2_265	Phospho	S	3
PSM868_2_266	Phospho	S	3
PSM868_2_267	Phospho	S	6
PSM868_2_268	Phospho	S	6
PSM868_2_269	Phospho	S	6
PSM868_2_27	Acetyl	N-term	
PSM868_2_27	Phospho	S	5
PSM868_2_270	Phospho	S	6
PSM868_2_271	Phospho	S	6
PSM868_2_272	Phospho	S	6
PSM868_2_273	Phospho	S	6
PSM868_2_274	Phospho	S	6
PSM868_2_275	Phospho	S	6
PSM868_2_276	Phospho	S	6
PSM868_2_277	Phospho	S	6
PSM868_2_278	Phospho	S	6
PSM868_2_279	Phospho	S	6
PSM868_2_28	Acetyl	N-term	
PSM868_2_28	Phospho	S	5
PSM868_2_280	Phospho	S	6
PSM868_2_281	Phospho	S	6
PSM868_2_282	Phospho	S	6
PSM868_2_283	Acetyl	N-term	
PSM868_2_283	Phospho	S	12
PSM868_2_284	Acetyl	N-term	
PSM868_2_284	Phospho	S	12
PSM868_2_285	Acetyl	N-term	
PSM868_2_285	Phospho	S	12
PSM868_2_286	Carbamidomethyl	C	1
PSM868_2_286	Phospho	S	22
PSM868_2_286	Oxidation	M	35
PSM868_2_29	Acetyl	N-term	
PSM868_2_29	Phospho	S	5
PSM868_2_290	Phospho	S	6
PSM868_2_290	Oxidation	M	12
PSM868_2_291	Phospho	S	6
PSM868_2_291	Oxidation	M	12
PSM868_2_292	Phospho	S	6
PSM868_2_292	Oxidation	M	12
PSM868_2_293	Phospho	S	6
PSM868_2_293	Oxidation	M	12
PSM868_2_294	Phospho	S	6
PSM868_2_294	Oxidation	M	12
PSM868_2_295	Phospho	S	6
PSM868_2_295	Oxidation	M	12
PSM868_2_296	Phospho	S	6
PSM868_2_296	Oxidation	M	12
PSM868_2_297	Phospho	S	3
PSM868_2_298	Phospho	S	3
PSM868_2_299	Phospho	S	3
PSM868_2_3	Carbamidomethyl	C	1
PSM868_2_3	Phospho	S	22
PSM868_2_30	Acetyl	N-term	
PSM868_2_30	Phospho	S	5
PSM868_2_300	Phospho	S	3
PSM868_2_301	Phospho	S	3
PSM868_2_302	Phospho	S	3
PSM868_2_303	Phospho	S	3
PSM868_2_304	Phospho	S	13
PSM868_2_305	Acetyl	N-term	
PSM868_2_305	Phospho	S	6
PSM868_2_31	Phospho	S	3
PSM868_2_31	Carbamidomethyl	C	21
PSM868_2_31	Carbamidomethyl	C	27
PSM868_2_317	Phospho	S	8
PSM868_2_318	Phospho	S	8
PSM868_2_319	Phospho	S	8
PSM868_2_32	Phospho	S	3
PSM868_2_32	Carbamidomethyl	C	21
PSM868_2_32	Carbamidomethyl	C	27
PSM868_2_320	Phospho	S	8
PSM868_2_321	Phospho	S	8
PSM868_2_322	Phospho	S	8
PSM868_2_323	Phospho	S	8
PSM868_2_324	Phospho	S	8
PSM868_2_325	Phospho	S	13
PSM868_2_325	Phospho	T	15
PSM868_2_326	Phospho	S	13
PSM868_2_326	Phospho	T	15
PSM868_2_327	Phospho	S	13
PSM868_2_327	Phospho	T	15
PSM868_2_328	Phospho	S	13
PSM868_2_328	Phospho	T	15
PSM868_2_329	Phospho	S	13
PSM868_2_329	Phospho	T	15
PSM868_2_33	Phospho	S	3
PSM868_2_33	Carbamidomethyl	C	21
PSM868_2_33	Carbamidomethyl	C	27
PSM868_2_330	Phospho	S	3
PSM868_2_331	Phospho	S	3
PSM868_2_332	Phospho	S	3
PSM868_2_333	Oxidation	M	5
PSM868_2_333	Oxidation	M	8
PSM868_2_334	Oxidation	M	5
PSM868_2_334	Oxidation	M	8
PSM868_2_335	Phospho	S	3
PSM868_2_336	Phospho	S	3
PSM868_2_34	Phospho	S	3
PSM868_2_34	Carbamidomethyl	C	21
PSM868_2_34	Carbamidomethyl	C	27
PSM868_2_341	Phospho	T	3
PSM868_2_342	Phospho	T	3
PSM868_2_343	Phospho	T	3
PSM868_2_344	Phospho	S	1
PSM868_2_345	Phospho	S	1
PSM868_2_346	Phospho	S	1
PSM868_2_347	Phospho	S	1
PSM868_2_347	Phospho	S	19
PSM868_2_348	Phospho	S	1
PSM868_2_348	Phospho	S	19
PSM868_2_349	Phospho	S	1
PSM868_2_349	Phospho	S	19
PSM868_2_35	Phospho	S	3
PSM868_2_35	Carbamidomethyl	C	21
PSM868_2_35	Carbamidomethyl	C	27
PSM868_2_350	Phospho	S	3
PSM868_2_351	Phospho	S	3
PSM868_2_352	Phospho	S	3
PSM868_2_353	Phospho	S	3
PSM868_2_354	Phospho	S	3
PSM868_2_355	Phospho	S	3
PSM868_2_356	Acetyl	N-term	
PSM868_2_356	Phospho	S	1
PSM868_2_357	Acetyl	N-term	
PSM868_2_357	Phospho	S	1
PSM868_2_358	Acetyl	N-term	
PSM868_2_358	Phospho	S	1
PSM868_2_359	Acetyl	N-term	
PSM868_2_359	Phospho	S	1
PSM868_2_36	Phospho	S	3
PSM868_2_36	Carbamidomethyl	C	21
PSM868_2_36	Carbamidomethyl	C	27
PSM868_2_360	Acetyl	N-term	
PSM868_2_360	Phospho	S	1
PSM868_2_361	Acetyl	N-term	
PSM868_2_361	Phospho	S	1
PSM868_2_362	Acetyl	N-term	
PSM868_2_362	Phospho	S	1
PSM868_2_363	Acetyl	N-term	
PSM868_2_363	Phospho	S	1
PSM868_2_364	Phospho	S	4
PSM868_2_365	Phospho	S	4
PSM868_2_366	Phospho	S	4
PSM868_2_367	Phospho	S	4
PSM868_2_368	Phospho	S	4
PSM868_2_369	Phospho	S	4
PSM868_2_37	Phospho	S	3
PSM868_2_37	Carbamidomethyl	C	21
PSM868_2_37	Carbamidomethyl	C	27
PSM868_2_370	Phospho	S	4
PSM868_2_371	Phospho	S	4
PSM868_2_372	Phospho	S	4
PSM868_2_373	Phospho	S	4
PSM868_2_374	Phospho	S	4
PSM868_2_375	Phospho	S	4
PSM868_2_376	Phospho	S	4
PSM868_2_377	Phospho	S	4
PSM868_2_378	Phospho	S	4
PSM868_2_379	Acetyl	N-term	
PSM868_2_379	Phospho	S	2
PSM868_2_38	Phospho	S	3
PSM868_2_38	Carbamidomethyl	C	21
PSM868_2_38	Carbamidomethyl	C	27
PSM868_2_380	Acetyl	N-term	
PSM868_2_380	Phospho	S	2
PSM868_2_381	Acetyl	N-term	
PSM868_2_381	Phospho	S	2
PSM868_2_382	Acetyl	N-term	
PSM868_2_382	Phospho	S	2
PSM868_2_383	Acetyl	N-term	
PSM868_2_383	Phospho	S	2
PSM868_2_384	Acetyl	N-term	
PSM868_2_384	Phospho	S	2
PSM868_2_385	Acetyl	N-term	
PSM868_2_385	Phospho	S	2
PSM868_2_386	Gln->pyro-Glu	N-term	
PSM868_2_386	Carbamidomethyl	C	3
PSM868_2_386	Phospho	S	13
PSM868_2_387	Phospho	S	11
PSM868_2_388	Phospho	S	11
PSM868_2_389	Phospho	S	11
PSM868_2_39	Phospho	S	3
PSM868_2_39	Carbamidomethyl	C	21
PSM868_2_39	Carbamidomethyl	C	27
PSM868_2_390	Phospho	S	11
PSM868_2_391	Phospho	S	11
PSM868_2_392	Phospho	S	11
PSM868_2_393	Phospho	S	11
PSM868_2_394	Phospho	S	11
PSM868_2_395	Phospho	S	11
PSM868_2_396	Phospho	S	11
PSM868_2_397	Phospho	S	11
PSM868_2_398	Phospho	T	18
PSM868_2_399	Phospho	T	18
PSM868_2_4	Carbamidomethyl	C	1
PSM868_2_4	Phospho	S	22
PSM868_2_40	Phospho	S	3
PSM868_2_40	Carbamidomethyl	C	21
PSM868_2_40	Carbamidomethyl	C	27
PSM868_2_400	Phospho	S	7
PSM868_2_401	Phospho	S	7
PSM868_2_402	Phospho	S	9
PSM868_2_403	Phospho	S	9
PSM868_2_404	Phospho	S	9
PSM868_2_405	Phospho	S	9
PSM868_2_406	Phospho	S	9
PSM868_2_407	Phospho	S	9
PSM868_2_408	Phospho	T	6
PSM868_2_409	Phospho	T	6
PSM868_2_41	Phospho	S	3
PSM868_2_41	Carbamidomethyl	C	21
PSM868_2_41	Carbamidomethyl	C	27
PSM868_2_410	Phospho	T	6
PSM868_2_411	Phospho	T	6
PSM868_2_412	Phospho	T	6
PSM868_2_413	Phospho	S	5
PSM868_2_414	Phospho	S	5
PSM868_2_415	Phospho	S	5
PSM868_2_416	Phospho	S	3
PSM868_2_417	Phospho	S	3
PSM868_2_418	Phospho	S	3
PSM868_2_419	Phospho	S	7
PSM868_2_42	Phospho	S	3
PSM868_2_42	Carbamidomethyl	C	21
PSM868_2_42	Carbamidomethyl	C	27
PSM868_2_420	Phospho	S	7
PSM868_2_421	Phospho	S	1
PSM868_2_422	Phospho	S	1
PSM868_2_423	Phospho	S	1
PSM868_2_424	Phospho	S	3
PSM868_2_425	Phospho	S	3
PSM868_2_426	Phospho	S	3
PSM868_2_427	Phospho	S	3
PSM868_2_428	Phospho	S	3
PSM868_2_429	Phospho	S	3
PSM868_2_43	Phospho	S	3
PSM868_2_43	Carbamidomethyl	C	21
PSM868_2_43	Carbamidomethyl	C	27
PSM868_2_430	Phospho	S	23
PSM868_2_431	Phospho	S	10
PSM868_2_432	Phospho	S	10
PSM868_2_433	Phospho	S	10
PSM868_2_434	Phospho	S	10
PSM868_2_435	Phospho	S	7
PSM868_2_436	Phospho	S	7
PSM868_2_437	Phospho	S	16
PSM868_2_438	Phospho	S	16
PSM868_2_439	Phospho	S	16
PSM868_2_44	Phospho	S	3
PSM868_2_44	Carbamidomethyl	C	21
PSM868_2_44	Carbamidomethyl	C	27
PSM868_2_444	Phospho	S	3
PSM868_2_445	Phospho	S	3
PSM868_2_446	Phospho	S	3
PSM868_2_447	Acetyl	N-term	
PSM868_2_447	Phospho	S	1
PSM868_2_448	Acetyl	N-term	
PSM868_2_448	Phospho	S	1
PSM868_2_449	Acetyl	N-term	
PSM868_2_449	Phospho	S	1
PSM868_2_45	Phospho	S	3
PSM868_2_45	Carbamidomethyl	C	21
PSM868_2_45	Carbamidomethyl	C	27
PSM868_2_450	Acetyl	N-term	
PSM868_2_450	Phospho	S	1
PSM868_2_451	Oxidation	M	1
PSM868_2_451	Phospho	S	22
PSM868_2_452	Oxidation	M	1
PSM868_2_452	Phospho	S	22
PSM868_2_453	Oxidation	M	1
PSM868_2_453	Phospho	S	22
PSM868_2_454	Oxidation	M	1
PSM868_2_454	Phospho	S	22
PSM868_2_455	Acetyl	N-term	
PSM868_2_455	Phospho	S	11
PSM868_2_456	Acetyl	N-term	
PSM868_2_456	Phospho	S	11
PSM868_2_457	Acetyl	N-term	
PSM868_2_457	Phospho	S	11
PSM868_2_458	Acetyl	N-term	
PSM868_2_458	Phospho	S	11
PSM868_2_459	Phospho	S	6
PSM868_2_46	Phospho	S	3
PSM868_2_46	Carbamidomethyl	C	21
PSM868_2_46	Carbamidomethyl	C	27
PSM868_2_460	Phospho	S	6
PSM868_2_461	Phospho	S	6
PSM868_2_462	Phospho	S	6
PSM868_2_463	Phospho	S	5
PSM868_2_464	Phospho	S	5
PSM868_2_465	Oxidation	M	1
PSM868_2_465	Phospho	S	22
PSM868_2_466	Oxidation	M	1
PSM868_2_466	Phospho	S	22
PSM868_2_467	Oxidation	M	1
PSM868_2_467	Phospho	S	22
PSM868_2_468	Phospho	S	22
PSM868_2_469	Phospho	S	22
PSM868_2_47	Phospho	S	3
PSM868_2_47	Carbamidomethyl	C	21
PSM868_2_47	Carbamidomethyl	C	27
PSM868_2_470	Phospho	S	3
PSM868_2_471	Phospho	S	3
PSM868_2_472	Phospho	S	3
PSM868_2_473	Carbamidomethyl	C	3
PSM868_2_473	Phospho	S	13
PSM868_2_474	Carbamidomethyl	C	3
PSM868_2_474	Phospho	S	13
PSM868_2_475	Carbamidomethyl	C	3
PSM868_2_475	Phospho	S	13
PSM868_2_476	Carbamidomethyl	C	3
PSM868_2_476	Phospho	S	13
PSM868_2_477	Phospho	S	3
PSM868_2_478	Phospho	S	3
PSM868_2_479	Phospho	S	3
PSM868_2_48	Phospho	S	3
PSM868_2_48	Carbamidomethyl	C	21
PSM868_2_48	Carbamidomethyl	C	27
PSM868_2_480	Phospho	S	3
PSM868_2_481	Phospho	S	3
PSM868_2_482	Phospho	S	3
PSM868_2_483	Phospho	S	3
PSM868_2_484	Phospho	S	3
PSM868_2_485	Phospho	S	3
PSM868_2_486	Phospho	S	3
PSM868_2_487	Phospho	S	3
PSM868_2_488	Phospho	S	3
PSM868_2_489	Phospho	S	3
PSM868_2_49	Phospho	S	3
PSM868_2_49	Carbamidomethyl	C	21
PSM868_2_49	Carbamidomethyl	C	27
PSM868_2_490	Phospho	S	3
PSM868_2_491	Phospho	S	3
PSM868_2_492	Phospho	S	3
PSM868_2_493	Phospho	S	3
PSM868_2_494	Phospho	S	3
PSM868_2_495	Phospho	S	3
PSM868_2_496	Phospho	S	3
PSM868_2_497	Phospho	S	11
PSM868_2_498	Phospho	S	11
PSM868_2_499	Phospho	S	11
PSM868_2_5	Ammonia-loss	N-term	
PSM868_2_5	Carbamidomethyl	C	1
PSM868_2_5	Phospho	S	22
PSM868_2_50	Phospho	S	3
PSM868_2_50	Carbamidomethyl	C	21
PSM868_2_50	Carbamidomethyl	C	27
PSM868_2_500	Phospho	S	11
PSM868_2_501	Phospho	S	3
PSM868_2_502	Phospho	S	3
PSM868_2_503	Phospho	S	3
PSM868_2_504	Phospho	S	3
PSM868_2_505	Phospho	S	3
PSM868_2_506	Phospho	S	3
PSM868_2_507	Phospho	S	3
PSM868_2_508	Phospho	S	22
PSM868_2_509	Phospho	S	22
PSM868_2_51	Phospho	S	3
PSM868_2_51	Carbamidomethyl	C	21
PSM868_2_51	Carbamidomethyl	C	27
PSM868_2_510	Phospho	S	9
PSM868_2_511	Phospho	S	9
PSM868_2_512	Phospho	S	9
PSM868_2_513	Phospho	S	9
PSM868_2_514	Phospho	S	9
PSM868_2_515	Phospho	S	9
PSM868_2_516	Phospho	S	5
PSM868_2_517	Phospho	S	5
PSM868_2_518	Phospho	S	5
PSM868_2_519	Acetyl	N-term	
PSM868_2_519	Phospho	S	1
PSM868_2_52	Phospho	S	3
PSM868_2_52	Carbamidomethyl	C	21
PSM868_2_52	Carbamidomethyl	C	27
PSM868_2_520	Acetyl	N-term	
PSM868_2_520	Phospho	S	1
PSM868_2_521	Acetyl	N-term	
PSM868_2_521	Phospho	S	1
PSM868_2_522	Acetyl	N-term	
PSM868_2_522	Phospho	S	1
PSM868_2_523	Phospho	S	6
PSM868_2_524	Phospho	S	6
PSM868_2_525	Phospho	S	6
PSM868_2_526	Phospho	S	6
PSM868_2_527	Acetyl	N-term	
PSM868_2_527	Phospho	S	1
PSM868_2_528	Acetyl	N-term	
PSM868_2_528	Phospho	S	1
PSM868_2_529	Acetyl	N-term	
PSM868_2_529	Phospho	S	1
PSM868_2_53	Phospho	S	3
PSM868_2_53	Carbamidomethyl	C	21
PSM868_2_53	Carbamidomethyl	C	27
PSM868_2_530	Acetyl	N-term	
PSM868_2_530	Phospho	S	1
PSM868_2_531	Phospho	S	12
PSM868_2_532	Phospho	S	12
PSM868_2_533	Phospho	S	3
PSM868_2_534	Phospho	S	3
PSM868_2_535	Phospho	T	2
PSM868_2_536	Phospho	T	2
PSM868_2_537	Phospho	T	2
PSM868_2_538	Phospho	T	2
PSM868_2_539	Phospho	T	2
PSM868_2_54	Phospho	S	3
PSM868_2_54	Carbamidomethyl	C	21
PSM868_2_54	Carbamidomethyl	C	27
PSM868_2_540	Phospho	T	2
PSM868_2_541	Phospho	S	5
PSM868_2_542	Phospho	S	5
PSM868_2_543	Phospho	S	5
PSM868_2_544	Phospho	S	5
PSM868_2_545	Phospho	S	5
PSM868_2_546	Phospho	S	5
PSM868_2_547	Phospho	S	5
PSM868_2_548	Phospho	S	5
PSM868_2_549	Phospho	S	5
PSM868_2_55	Phospho	S	16
PSM868_2_550	Phospho	S	5
PSM868_2_551	Phospho	S	5
PSM868_2_552	Phospho	S	5
PSM868_2_553	Phospho	S	5
PSM868_2_554	Phospho	S	3
PSM868_2_555	Phospho	S	3
PSM868_2_556	Phospho	S	3
PSM868_2_557	Phospho	S	3
PSM868_2_558	Phospho	S	3
PSM868_2_559	Phospho	S	8
PSM868_2_56	Phospho	S	16
PSM868_2_560	Phospho	S	8
PSM868_2_561	Phospho	S	8
PSM868_2_562	Phospho	S	8
PSM868_2_566	Acetyl	N-term	
PSM868_2_566	Phospho	S	2
PSM868_2_566	Carbamidomethyl	C	11
PSM868_2_567	Phospho	S	6
PSM868_2_568	Phospho	S	6
PSM868_2_569	Phospho	S	8
PSM868_2_57	Phospho	S	16
PSM868_2_570	Phospho	S	8
PSM868_2_571	Phospho	S	8
PSM868_2_572	Phospho	S	8
PSM868_2_573	Phospho	S	8
PSM868_2_574	Carbamidomethyl	C	13
PSM868_2_574	Phospho	S	28
PSM868_2_575	Carbamidomethyl	C	13
PSM868_2_575	Phospho	S	28
PSM868_2_576	Oxidation	M	3
PSM868_2_576	Phospho	S	4
PSM868_2_577	Oxidation	M	3
PSM868_2_577	Phospho	S	4
PSM868_2_578	Oxidation	M	3
PSM868_2_578	Phospho	S	4
PSM868_2_579	Oxidation	M	3
PSM868_2_579	Phospho	S	4
PSM868_2_58	Phospho	S	16
PSM868_2_580	Oxidation	M	3
PSM868_2_580	Phospho	S	4
PSM868_2_581	Oxidation	M	3
PSM868_2_581	Phospho	S	4
PSM868_2_582	Oxidation	M	3
PSM868_2_582	Phospho	S	4
PSM868_2_583	Phospho	S	4
PSM868_2_584	Phospho	S	4
PSM868_2_585	Phospho	S	4
PSM868_2_586	Phospho	S	4
PSM868_2_587	Phospho	S	4
PSM868_2_588	Phospho	S	4
PSM868_2_589	Phospho	S	4
PSM868_2_59	Phospho	S	16
PSM868_2_590	Phospho	S	4
PSM868_2_591	Phospho	S	4
PSM868_2_592	Phospho	S	4
PSM868_2_593	Phospho	S	6
PSM868_2_594	Phospho	S	6
PSM868_2_597	Phospho	S	3
PSM868_2_598	Phospho	S	3
PSM868_2_599	Phospho	S	8
PSM868_2_6	Ammonia-loss	N-term	
PSM868_2_6	Carbamidomethyl	C	1
PSM868_2_6	Phospho	S	22
PSM868_2_60	Phospho	S	16
PSM868_2_600	Phospho	S	8
PSM868_2_601	Phospho	S	5
PSM868_2_602	Phospho	S	5
PSM868_2_603	Phospho	S	8
PSM868_2_604	Phospho	S	8
PSM868_2_605	Phospho	S	8
PSM868_2_606	Phospho	S	8
PSM868_2_609	Phospho	Y	11
PSM868_2_609	Carbamidomethyl	C	13
PSM868_2_61	Phospho	S	4
PSM868_2_610	Phospho	Y	11
PSM868_2_610	Carbamidomethyl	C	13
PSM868_2_611	Phospho	Y	11
PSM868_2_611	Carbamidomethyl	C	13
PSM868_2_612	Phospho	Y	11
PSM868_2_612	Carbamidomethyl	C	13
PSM868_2_613	Phospho	Y	11
PSM868_2_613	Carbamidomethyl	C	13
PSM868_2_614	Acetyl	N-term	
PSM868_2_614	Phospho	S	1
PSM868_2_615	Acetyl	N-term	
PSM868_2_615	Phospho	S	1
PSM868_2_616	Acetyl	N-term	
PSM868_2_616	Phospho	S	1
PSM868_2_62	Phospho	S	4
PSM868_2_622	Phospho	S	7
PSM868_2_623	Phospho	S	7
PSM868_2_626	Phospho	S	19
PSM868_2_627	Phospho	S	19
PSM868_2_628	Phospho	S	19
PSM868_2_629	Phospho	S	19
PSM868_2_63	Phospho	S	4
PSM868_2_630	Phospho	S	19
PSM868_2_631	Phospho	S	5
PSM868_2_632	Phospho	S	5
PSM868_2_633	Phospho	S	5
PSM868_2_634	Phospho	S	5
PSM868_2_635	Phospho	S	10
PSM868_2_636	Phospho	S	5
PSM868_2_637	Phospho	S	5
PSM868_2_64	Phospho	S	4
PSM868_2_640	Phospho	S	3
PSM868_2_641	Phospho	S	2
PSM868_2_642	Phospho	S	2
PSM868_2_643	Phospho	S	3
PSM868_2_644	Phospho	S	3
PSM868_2_645	Phospho	S	3
PSM868_2_646	Phospho	S	3
PSM868_2_647	Phospho	S	25
PSM868_2_648	Carbamidomethyl	C	1
PSM868_2_648	Phospho	S	10
PSM868_2_649	Carbamidomethyl	C	1
PSM868_2_649	Phospho	S	10
PSM868_2_65	Phospho	S	4
PSM868_2_650	Carbamidomethyl	C	1
PSM868_2_650	Phospho	S	10
PSM868_2_651	Phospho	S	4
PSM868_2_659	Phospho	S	6
PSM868_2_66	Phospho	S	4
PSM868_2_660	Phospho	S	6
PSM868_2_661	Phospho	S	6
PSM868_2_663	Phospho	S	6
PSM868_2_664	Phospho	S	6
PSM868_2_665	Phospho	S	3
PSM868_2_666	Phospho	S	3
PSM868_2_667	Phospho	S	3
PSM868_2_668	Phospho	S	3
PSM868_2_669	Phospho	S	3
PSM868_2_67	Phospho	S	4
PSM868_2_670	Phospho	S	3
PSM868_2_671	Phospho	S	10
PSM868_2_672	Phospho	S	3
PSM868_2_672	Phospho	S	6
PSM868_2_673	Phospho	S	3
PSM868_2_674	Phospho	S	3
PSM868_2_675	Phospho	S	9
PSM868_2_676	Phospho	S	2
PSM868_2_676	Carbamidomethyl	C	15
PSM868_2_677	Phospho	S	2
PSM868_2_677	Carbamidomethyl	C	15
PSM868_2_678	Phospho	S	2
PSM868_2_678	Carbamidomethyl	C	15
PSM868_2_679	Carbamidomethyl	C	1
PSM868_2_679	Phospho	S	3
PSM868_2_68	Phospho	S	4
PSM868_2_680	Carbamidomethyl	C	1
PSM868_2_680	Phospho	S	3
PSM868_2_681	Carbamidomethyl	C	1
PSM868_2_681	Phospho	S	3
PSM868_2_682	Carbamidomethyl	C	1
PSM868_2_682	Phospho	S	3
PSM868_2_683	Phospho	S	3
PSM868_2_684	Phospho	S	3
PSM868_2_685	Phospho	S	3
PSM868_2_686	Phospho	S	1
PSM868_2_687	Phospho	S	1
PSM868_2_688	Phospho	S	1
PSM868_2_689	Phospho	S	5
PSM868_2_69	Phospho	S	4
PSM868_2_690	Phospho	S	5
PSM868_2_691	Phospho	S	6
PSM868_2_692	Phospho	S	6
PSM868_2_693	Phospho	S	3
PSM868_2_694	Phospho	S	3
PSM868_2_695	Phospho	S	3
PSM868_2_696	Phospho	S	3
PSM868_2_697	Phospho	S	3
PSM868_2_698	Phospho	S	4
PSM868_2_699	Phospho	S	4
PSM868_2_7	Ammonia-loss	N-term	
PSM868_2_7	Carbamidomethyl	C	1
PSM868_2_7	Phospho	S	22
PSM868_2_70	Phospho	T	10
PSM868_2_700	Phospho	S	4
PSM868_2_701	Phospho	S	4
PSM868_2_702	Phospho	S	4
PSM868_2_703	Phospho	S	4
PSM868_2_71	Phospho	T	10
PSM868_2_710	Phospho	S	3
PSM868_2_711	Phospho	S	3
PSM868_2_712	Phospho	S	3
PSM868_2_713	Phospho	S	3
PSM868_2_714	Phospho	S	3
PSM868_2_715	Phospho	S	3
PSM868_2_716	Phospho	S	3
PSM868_2_717	Phospho	S	3
PSM868_2_718	Phospho	S	3
PSM868_2_719	Phospho	S	3
PSM868_2_72	Phospho	T	10
PSM868_2_720	Phospho	S	3
PSM868_2_721	Phospho	S	3
PSM868_2_722	Acetyl	N-term	
PSM868_2_722	Phospho	S	5
PSM868_2_723	Acetyl	N-term	
PSM868_2_723	Phospho	S	5
PSM868_2_724	Carbamidomethyl	C	1
PSM868_2_724	Phospho	S	24
PSM868_2_725	Carbamidomethyl	C	1
PSM868_2_725	Phospho	S	7
PSM868_2_726	Phospho	S	11
PSM868_2_727	Phospho	T	5
PSM868_2_727	Phospho	S	7
PSM868_2_728	Phospho	T	5
PSM868_2_728	Phospho	S	7
PSM868_2_729	Phospho	T	5
PSM868_2_729	Phospho	S	7
PSM868_2_73	Phospho	T	10
PSM868_2_730	Phospho	T	5
PSM868_2_730	Phospho	S	7
PSM868_2_731	Phospho	T	5
PSM868_2_731	Phospho	S	7
PSM868_2_732	Phospho	T	5
PSM868_2_732	Phospho	S	7
PSM868_2_733	Phospho	S	4
PSM868_2_734	Phospho	S	4
PSM868_2_735	Phospho	S	6
PSM868_2_736	Phospho	S	6
PSM868_2_737	Phospho	T	6
PSM868_2_738	Phospho	T	6
PSM868_2_74	Phospho	S	8
PSM868_2_741	Phospho	S	5
PSM868_2_742	Phospho	S	5
PSM868_2_743	Phospho	S	5
PSM868_2_744	Phospho	S	14
PSM868_2_744	Carbamidomethyl	C	16
PSM868_2_745	Phospho	S	4
PSM868_2_746	Phospho	S	4
PSM868_2_747	Phospho	S	4
PSM868_2_748	Phospho	S	4
PSM868_2_749	Phospho	S	4
PSM868_2_75	Phospho	S	8
PSM868_2_750	Phospho	S	3
PSM868_2_750	Carbamidomethyl	C	6
PSM868_2_751	Phospho	S	4
PSM868_2_752	Phospho	S	4
PSM868_2_753	Phospho	S	4
PSM868_2_754	Phospho	S	10
PSM868_2_755	Phospho	S	10
PSM868_2_756	Phospho	S	10
PSM868_2_757	Phospho	S	12
PSM868_2_757	Carbamidomethyl	C	17
PSM868_2_758	Phospho	S	12
PSM868_2_758	Carbamidomethyl	C	17
PSM868_2_759	Phospho	S	12
PSM868_2_759	Carbamidomethyl	C	17
PSM868_2_76	Phospho	S	8
PSM868_2_760	Phospho	S	3
PSM868_2_761	Phospho	S	3
PSM868_2_762	Phospho	S	3
PSM868_2_763	Phospho	S	6
PSM868_2_763	Phospho	T	20
PSM868_2_764	Phospho	S	6
PSM868_2_764	Phospho	T	20
PSM868_2_765	Phospho	S	23
PSM868_2_766	Phospho	S	23
PSM868_2_767	Phospho	S	3
PSM868_2_767	Phospho	S	12
PSM868_2_768	Phospho	S	3
PSM868_2_768	Phospho	S	12
PSM868_2_769	Phospho	S	3
PSM868_2_769	Phospho	S	12
PSM868_2_77	Phospho	S	8
PSM868_2_770	Phospho	S	5
PSM868_2_771	Phospho	S	5
PSM868_2_772	Phospho	S	5
PSM868_2_773	Phospho	S	16
PSM868_2_774	Phospho	S	16
PSM868_2_775	Phospho	S	9
PSM868_2_776	Phospho	T	10
PSM868_2_777	Phospho	S	10
PSM868_2_778	Phospho	S	3
PSM868_2_779	Phospho	S	3
PSM868_2_78	Phospho	S	8
PSM868_2_780	Phospho	S	3
PSM868_2_781	Phospho	S	3
PSM868_2_785	Phospho	S	8
PSM868_2_786	Phospho	S	8
PSM868_2_787	Phospho	S	8
PSM868_2_788	Phospho	T	9
PSM868_2_789	Phospho	T	9
PSM868_2_79	Phospho	S	8
PSM868_2_790	Phospho	S	9
PSM868_2_791	Phospho	S	9
PSM868_2_792	Phospho	S	5
PSM868_2_793	Phospho	S	5
PSM868_2_794	Phospho	S	5
PSM868_2_795	Carbamidomethyl	C	6
PSM868_2_796	Phospho	S	3
PSM868_2_797	Phospho	S	3
PSM868_2_798	Phospho	S	3
PSM868_2_799	Phospho	S	3
PSM868_2_8	Phospho	S	13
PSM868_2_80	Phospho	S	8
PSM868_2_800	Phospho	S	3
PSM868_2_801	Phospho	S	3
PSM868_2_802	Phospho	S	3
PSM868_2_803	Phospho	S	6
PSM868_2_804	Phospho	S	6
PSM868_2_805	Phospho	S	6
PSM868_2_806	Phospho	S	4
PSM868_2_807	Phospho	S	4
PSM868_2_808	Phospho	S	4
PSM868_2_809	Phospho	S	4
PSM868_2_81	Phospho	S	8
PSM868_2_810	Phospho	S	3
PSM868_2_811	Phospho	S	3
PSM868_2_812	Phospho	T	16
PSM868_2_813	Phospho	T	16
PSM868_2_816	Phospho	S	3
PSM868_2_816	Carbamidomethyl	C	4
PSM868_2_817	Phospho	T	1
PSM868_2_818	Phospho	T	1
PSM868_2_819	Phospho	T	1
PSM868_2_82	Phospho	S	8
PSM868_2_820	Phospho	T	1
PSM868_2_821	Phospho	S	15
PSM868_2_822	Phospho	S	15
PSM868_2_823	Phospho	S	8
PSM868_2_824	Phospho	S	8
PSM868_2_825	Carbamidomethyl	C	7
PSM868_2_825	Phospho	S	27
PSM868_2_826	Phospho	S	6
PSM868_2_827	Phospho	S	6
PSM868_2_828	Phospho	S	3
PSM868_2_828	Carbamidomethyl	C	5
PSM868_2_829	Phospho	S	3
PSM868_2_83	Phospho	S	8
PSM868_2_830	Phospho	S	3
PSM868_2_831	Phospho	S	3
PSM868_2_832	Phospho	S	3
PSM868_2_833	Phospho	S	3
PSM868_2_834	Phospho	S	3
PSM868_2_834	Carbamidomethyl	C	27
PSM868_2_835	Phospho	S	10
PSM868_2_836	Phospho	S	10
PSM868_2_837	Phospho	S	3
PSM868_2_838	Phospho	S	18
PSM868_2_839	Phospho	S	18
PSM868_2_84	Phospho	S	8
PSM868_2_840	Acetyl	N-term	
PSM868_2_840	Phospho	S	4
PSM868_2_841	Phospho	S	3
PSM868_2_842	Phospho	S	3
PSM868_2_843	Phospho	Y	4
PSM868_2_844	Phospho	Y	4
PSM868_2_845	Phospho	Y	4
PSM868_2_846	Phospho	Y	4
PSM868_2_847	Phospho	S	4
PSM868_2_848	Phospho	S	4
PSM868_2_849	Phospho	S	4
PSM868_2_85	Acetyl	N-term	
PSM868_2_85	Phospho	S	1
PSM868_2_850	Phospho	S	4
PSM868_2_851	Phospho	S	4
PSM868_2_852	Phospho	S	4
PSM868_2_853	Phospho	S	4
PSM868_2_854	Phospho	S	4
PSM868_2_856	Phospho	S	3
PSM868_2_857	Carbamidomethyl	C	1
PSM868_2_857	Phospho	S	3
PSM868_2_858	Phospho	S	10
PSM868_2_859	Phospho	S	12
PSM868_2_86	Acetyl	N-term	
PSM868_2_86	Phospho	S	1
PSM868_2_860	Phospho	S	7
PSM868_2_861	Phospho	S	7
PSM868_2_862	Phospho	S	7
PSM868_2_863	Phospho	T	6
PSM868_2_864	Phospho	T	6
PSM868_2_865	Phospho	T	6
PSM868_2_866	Phospho	T	6
PSM868_2_867	Oxidation	M	1
PSM868_2_867	Phospho	S	19
PSM868_2_868	Oxidation	M	1
PSM868_2_868	Phospho	S	19
PSM868_2_869	Oxidation	M	1
PSM868_2_869	Phospho	S	19
PSM868_2_87	Acetyl	N-term	
PSM868_2_87	Phospho	S	1
PSM868_2_870	Carbamidomethyl	C	7
PSM868_2_871	Phospho	S	3
PSM868_2_872	Phospho	S	6
PSM868_2_873	Phospho	S	6
PSM868_2_874	Phospho	S	8
PSM868_2_876	Phospho	S	3
PSM868_2_877	Phospho	S	3
PSM868_2_878	Phospho	S	3
PSM868_2_879	Phospho	S	3
PSM868_2_88	Acetyl	N-term	
PSM868_2_88	Phospho	S	1
PSM868_2_880	Phospho	S	3
PSM868_2_880	Carbamidomethyl	C	8
PSM868_2_881	Phospho	S	4
PSM868_2_882	Phospho	S	5
PSM868_2_883	Phospho	Y	8
PSM868_2_884	Phospho	S	9
PSM868_2_885	Phospho	T	13
PSM868_2_886	Phospho	T	13
PSM868_2_887	Acetyl	N-term	
PSM868_2_887	Oxidation	M	1
PSM868_2_887	Phospho	S	11
PSM868_2_888	Phospho	T	3
PSM868_2_889	Phospho	T	3
PSM868_2_89	Acetyl	N-term	
PSM868_2_89	Phospho	S	1
PSM868_2_891	Carbamidomethyl	C	5
PSM868_2_891	Phospho	S	17
PSM868_2_892	Carbamidomethyl	C	5
PSM868_2_892	Phospho	S	17
PSM868_2_893	Phospho	S	7
PSM868_2_894	Phospho	S	3
PSM868_2_895	Phospho	S	3
PSM868_2_896	Phospho	S	3
PSM868_2_9	Phospho	S	13
PSM868_2_90	Acetyl	N-term	
PSM868_2_90	Phospho	S	1
PSM868_2_91	Phospho	S	10
PSM868_2_92	Phospho	S	10
PSM868_2_93	Phospho	S	10
PSM868_2_94	Phospho	S	10
PSM868_2_95	Phospho	S	10
PSM868_2_96	Phospho	T	3
PSM868_2_97	Phospho	T	3
PSM868_2_98	Phospho	T	3
PSM868_2_99	Phospho	T	3
